person_id,when_decided_pid
US:173602741,History class
US:205893495,don't know
US:156890521,Awhile
US:145142163,When they were the only party supporting women and civil rights
US:197959305,When I was done with George W Bush.
US:119367737,years ago
US:1911433,1962
US:162822095,"I was raised in a democratic family. My friends & family are mostly democrats, and I respect their views & philosophies."
US:187445237,When Hillary Clinton colluded with Russia while making those samebaccusations against Trump. The Steele Dossier Was Hillary's brainchild and she paid for the entire thing.
US:172544273,After 9/11.
US:193067365,I became closer to the Republican Party during the 2016 elections.
US:165143077,When I learned you had to pick a party to vote at age 18
US:121654045,Na
US:172181269,As a young adult
US:173583521,20 years ago
US:39524742,When I voted for Reagan and began following politics back then.
US:4541375,Probably 30 years ago have my overall beliefs
US:108725141,when i was a child based on information my parents gave me about the party
US:150560389,When democrats began supporting abortion
US:1684571,I don't know
US:25649585,After I escaped the cult I grew up in. Around 23.
US:847351,Within the last 5 yrs.
US:31189999,they run the nation better
US:134491761,In high school
US:40980076,I grew up in a Republican home where my parents believed the values of what the Republican Party stands for.
US:39487202,When I was in high school
US:219765,When I first registered
US:4524173,When I was a young boy.
US:40810649,18 years of age
US:657185,As a teenager back in the 50s
US:4554174,When I was 8 years old I understood the need to politically neutral as a Christian.
US:3803339,The first time I voted at age 18
US:179601253,Probably 10-15 yrs ago
US:198664945,At age to vote
US:1882563,1979
US:112176573,"Pretty much when I was a kid. My folks were strong Repubs, with Reagan getting elected the first political memory I have."
US:189873961,When I registered at 18 years old
US:185768509,I’ve been a Republican my whole life even though my parents were democrats.
US:952128,Have always been
US:44263918,In 1976
US:192998525,When bill Clinton was president
US:124734113,1994
US:155490711,During the first Trump administration
US:171211981,Age 18
US:171770213,The 2016 election
US:39476131,Since I was 18
US:167514971,When I voted for the first time.
US:180176203,Ever since my sister told me who side that I need to be on and who said she and my other family members are voting for
US:40738035,Between 2010 and 3016
US:123309231,"I grew up in a Democratic household and used to be a red hot Democrat myself. That changed after the DNC nominated Clinton without giving the people a chance to nominate who THEY wanted. I left the party in disgust after the convention. I was (and still am) a staunch Sanders supporter and a progressive liberal. The Democratic Party, for all its failing, is still closer to my values and views than the Republican Party is."
US:46301537,2008
US:183010911,Early 20s
US:28811090,When the Dichromats went too Far Left
US:29698917,In college
US:2822153,I used to be a Republican back in the 80s and generally vote for the more conservative candidates. Since both parties are so corrupt I try to choose the lesser of the bad. Since Democrats are soooo far out in left field these days I may never vote for one again.
US:40685102,several years ago.
US:35891660,Years ago
US:131256153,When I listened to Ronald Reagan.
US:143605031,"In my early 20s, maybe 35 years ago."
US:162974847,college
US:30685517,age 18
US:1076474,I used to be Republican
US:164237327,Mid 80s
US:35161517,"1964, when I first voted."
US:2791746,When donald trump ran for president in his first term
US:39219816,When I was 18 & 1st registered to vote
US:41171744,10years ago
US:196247799,In 1982
US:4541450,"When I became a Jehovah's Witness , I wait the Kingdom of God which we pray for in the LORD's prayer"
US:4172882,I have voted for both Democrats and Republicans in the past but mostly Democrats. The first Democratic Presidential candidate I voted for was George McGovern. I volunteered and contributed to President Obama.
US:4404382,High school
US:23751840,When I first saw Democrats turning towards Communism.
US:133681177,"As a teenager, before I could vote."
US:1751898,After I made the terrible mistake of voting for Jimmy Carter
US:2313164,1980
US:127026527,I have always been closer to the Democratic party.
US:2633195,While Joseph Biden was in office.
US:371245,Probably age nine or ten
US:189755537,1980
US:207604,As a teenager
US:134387673,After Jimmy Carter
US:3220182,Al Gore ran for President and I thought he was a great candidate.
US:23451541,In the mid-2000s.
US:633394,My best recollection would be mid 1970's.
US:41834188,My whole life
US:3832827,In high school government class
US:180968957,forever
US:164621497,When Trump was elected the first time
US:1931990,15 years ago
US:1123298,Democrats have developed into the party of hate.
US:38457862,"I was a Progressive, a major party in Vermont, but after Kamala lost I felt I needed to support Dems so last year I started calling myself a Dem not a Prog"
US:43317449,When I registered.
US:2760874,during the past 12 years
US:2451335,I have been thinking about it for years.
US:2632273,I have always felt this way. Right now Republicans are letting Trump do whatever he wants. Democrats actions are quite quiet.
US:41706935,1980
US:149590829,I feel I’m independent the only reason I’m registered republican is so I can vote in the general elections
US:24849922,When Illinois governors stated being jailed for corruption.
US:3014438,"1968, when I was 22"
US:4097218,no clue
US:3314126,When I was a kid
US:1516818,1981
US:39171636,as a teenager
US:166194131,When I saw what the republican party represents. Not the people.
US:159221267,I think it started when I was born
US:155104911,Unsure
US:3333856,When I found out what they stood for
US:181957021,When I registered to vote
US:192035013,Don't remember when
US:126854329,10 years ago
US:40825807,2019
US:175254075,"After the Iran-Contra fiasco. So much hypocrisy, so many lies."
US:44142267,As a child. Our family has always discussed politics and has always been conservative.
US:24441746,Since my children were born.
US:4601704,After the 2nd Bush presidency.
US:1308653,Election 1972 I voted for George McGovern.
US:180375219,I decided in 2015 when president Trump was attacked so viciously. I didn’t want to be associated with the democratic party.
US:146427281,When crook LBJ became President.
US:25440508,It is decided in the moment.
US:183830357,2000
US:139338079,no
US:420955,1975
US:192026243,Early 2024
US:140787159,"When I realized that both political parties are influeced by the money bags in their respective parties, over 20 years ago."
US:123664083,When I was very young
US:2087588,2000
US:1166052,When I was 9 years old. During the 1979 Election cycle.
US:25792496,I'm undecided who side I'm on.
US:41221300,My mid thirties
US:137038457,My momma is one so I become one..
US:27966667,In my teenage and college years
US:128249631,Many years ago
US:2476570,I used to be a republican.
US:139795563,After working to elect JFK as a youngster
US:168169113,During the Viet Nam war
US:31203933,"In 2016, when Trump became the Republican candidate, our whole family took a look at what the Republican Party had become and how we had been deceived for decades. We realized that our beliefs more closely aligned with the Democratic Party. Ethics, morals, honesty, and integrity were important to us and were demonstrated by the Democrats. As a result, every one of us switched parties."
US:187857009,Decades ago
US:104482541,"When I was three, making a speech about protecting the ocean, at my dad’s union meeting."
US:2721894,Since when I registered to vote at 18
US:134002387,High School
US:42343368,When I was at a protest when I was 17
US:156892649,When the economy got worst years ago
US:192968537,Ever since I could vote
US:912764,2008
US:178948509,Before my first chance to vote at age 18.
US:889882,"the republicans have always been crooks since I was a kid, Nixon, Ford, Reagan sold arms for hostages illegally and ruined the economy and ran up the debt"
US:4683826,1981
US:441635,1980 after Carter was President
US:192684055,In college
US:172262549,I am an independent person who will vote for whoever
US:184753335,College
US:40343590,ABOUT 40 YEARS AGO
US:4017243,It seems a bit closer to my beliefs
US:4435846,Both side have key points so it better to vote for party who has more keys that you agree. However more people talk to get in the position then do differently from what they promised when running for office.
US:194182261,1980s
US:103583133,1972
US:182632037,"Seeing all the actions Biden took during his period and President Trump took during his last term,I feel Bidens policies did more harm to the country. It protected illegal immigrants mostly and neglected the safety and security of the nation. As a legal immigrants myself, I don't want to see the country live flooded with criminals."
US:182261,when i was 18
US:4492862,In the early 1980's when the Democrats were throwing everything they had at Ronald Reagan!
US:120749819,Riots of 2020
US:176427911,When I realized that Republicans care only about the ruch
US:1341753,10 years old
US:174100107,1979
US:42327128,when i woke up about 20 years ago
US:134076243,1962
US:2608247,When I was still a child
US:1499653,When the 1st Bush ran for president.
US:192795453,When I turned 18.
US:138817961,In college when I learned how similar the parties are and how they both stifle 3rd parties from gaining traction.
US:27204954,When people put Trump in as the Republican candidate
US:164458227,I have never been close to either party.
US:180309767,I have always voted Democrat since I turned 18.
US:174720893,First Trump administration
US:46464430,"I used to be a Democrat up until 2016, then left the party."
US:191576187,I decided that I was closer to the Democratic party around the time I turned 18 years old and was eligible to vote.
US:2799775,When I started voting.
US:33787292,No comment
US:193606709,1972
US:1877612,"For as long as I was aware that there were two parties, I was a Democrat"
US:3256742,I become a Republican in 1966
US:173993087,When I was a youngster! I’ve never changed my mind. Republicans now are the worst=headless horsemen!
US:172627603,When Nixon was president.
US:236705,"Since the age of twenty, I have been a conservative, and in a perfect world everyone should have an equal opportunity to succeed. I see this as a worthwhile, if impossible, goal. Republicans have usually been more conservative than democrats."
US:1336585,I became a Republican when I was 18 years-old. My parents were democrats and I soon convinced them to become Republicans.
US:148320521,in my teens
US:146297641,as soon AS i WAS 18
US:3267760,high school
US:41582939,When I started really getting into understanding politics and knowing that Democrat have a heart
US:1130966,The first time I voted.
US:3844994,I have always been a republican
US:631179,1973
US:2472694,I do not remember
US:146457207,When the Republicans decided to be facists
US:22705183,this year
US:41996246,I dont remember
US:40465766,"A long time ago. The Republicans have always been on the same page as I. I do not believe in Abortion. I believe GOD created 2 sees, Male and Female. Being a part of the LGBTQ is wrong. A man or a woman should not have sex with someone of the same sex."
US:213911,When I was a teenager
US:4394557,I've been a Republican my whole life.
US:103238395,Carter presidency
US:41861504,When I first started paying attention to politics in the 1990s
US:102935851,Being a Democrat means so many things and when you find justice for all you just open the door and the world makes since for everyone
US:153841617,When Bush II was president.
US:187677027,Many years ago.
US:197513863,2008
US:1480050,When Donald Trump entered politics.
US:496122,1960
US:410508,1990
US:26259095,When I moved to CA and had to declare a party affiliation.
US:193265373,When Trump was elected the first time.
US:181299943,The question wording is confusing
US:44215887,When Trump first ran for president.
US:17467,because my Dad did.
US:4313123,in college
US:107939203,When the Democrats started being crooks
US:187887303,30 years ago
US:1208035,2016
US:163914121,2000
US:201736907,"Cause there ate 2 main choices really,and I am Not a liberal socialist democrat"
US:184641745,When Hillary Clinton ran against Trump
US:1478245,After seeing what Eisenhower did as president
US:173586399,When the Republicans decided Donald Trump was qualified to run for public office.
US:146373717,1976
US:43077358,When I was in my 60s.
US:26462750,when they all starting to make money and forget about the working class
US:28179908,"I grew up with Republican family and church background, which is mostly Republicans"
US:45376208,1977
US:133922905,"During the Clinton administration, watching the GOP drag out impeachment over a private matter."
US:144804129,At about age 8
US:185692789,In 2020
US:181011475,My grandfather was influential in my determining party. Our state and county had so much cronyism and bad decisions in the Democratic Party.
US:200155033,About five years ago.
US:29701159,Not sure
US:30178832,unk
US:2147126,When I went in the US Navy.
US:147754821,1960
US:3457079,1990
US:146731711,In the 1960's
US:25513147,"When I learned about 2A, Abortion, Free Speech and economics."
US:2086149,Two years ago.
US:27271192,Not sure
US:196440951,when I was 14
US:174827353,I switched parties in 1980
US:36099928,"When i was a kid watching the differences between Reagan, Carter, Bush and Clinton"
US:104077625,When barrack Obama was elected to his 1st term
US:39272753,In my 20s
US:187954419,After Nixon
US:105604235,when I was old enough to vote
US:29146372,Age of 21
US:2451346,In the 1960’s
US:189651357,Non
US:40614179,Back in 1968 when I first voted for Nixon over Humphrey
US:125531745,My family has always voted Democrat.
US:38913207,The failure to convict Trump on the 2nd impeachment in 2020.
US:25413921,"Originally, I was very young, like 19 or 20 when my older boyfriend told me that I should vote democrat. My family almost never voted and never talked about politics. My boyfriend was in a union at the paper mill. The union always endorsed the democratic candidates. We are no longer married and he now supports Trump. I knew so little about politics when I voted in my first presidential election and voted for Ross Perot based on ads. I have since learned to think for myself and research before every election. But I now always vote democrat as the lesser of two evils."
US:179679629,"Years ago,30 or more.because i stand for most of the same believe"
US:46332279,Probably around 2019-2020
US:2362919,when I first became a voter at the age of 18
US:174649803,In my Mid twenties
US:171107041,When democrats started abusing government power
US:192025671,18 years old
US:187921233,no comment
US:128004083,At 18
US:186972733,When I tried the military
US:205438393,Always
US:1726063,When I was younger
US:664033,Trumps first term
US:553429,unsure
US:194160611,30 years ago
US:204645491,About 23
US:206987757,when i took a test to tell me which way i leaned
US:3633988,teen
US:193770925,When Trump ran in 2016
US:157962705,Can't remember
US:178381621,2021
US:126955461,I really don't remember.
US:40762975,When Richard Nixon ran for president .
US:149519411,During John kerry and the swift boat thing
US:1358310,"Always knew, from birth"
US:187857671,I don't really like the whole system at all it still isn't fair to everyone.
US:4353219,when i could vote
US:147951013,1965
US:196616003,don't know
US:3808046,I used to vote for the person and not the party. In the past I have voted Democrat and Republican. But since Trumps first go at president and the Republicans response to his policies I have become a very strong Democrat. I will never vote Republican again.
US:1150398,30 years ago
US:202204697,when i was 18
US:157425517,When the Dixiecrats moved to the republican party.
US:142186485,1965
US:121338981,As soon as I know the difference between the two. My parents are Democrats.
US:186342561,Candidates
US:2129802,When I was in the 8th grade.
US:4714828,In my twenties
US:139932175,This question does not make sense.
US:3335947,I have been an independent for decades and always vote for the candidate I believe is best regardless of party.
US:173086831,Follows my values
US:173581789,2016
US:41787297,Because republicans don’t care for people like me
US:101231599,Forever
US:715480,when i was 18
US:3301322,"I always felt this way. I vote for the person, not the party"
US:141621219,When I was in school and seen how they are liars
US:3274215,At an early age.
US:142478193,Around 2008
US:132432035,"When Barrack Obama had tourists escorted out of Yellowstone at gunpoint because of a stalemate on a budget extension. He did this so he could say ""look what the republicans made me do"". Absolute coward move."
US:28810803,Long ago
US:179341765,About 20 years ago.
US:30591240,Grade school.
US:154053821,I have always been a Republican
US:46556501,Age 21
US:1935139,When I registered as Independent
US:40742074,in 7th grade
US:42790496,when i got older and started a family
US:299088,1980
US:191609515,During the 2020 election
US:38262359,About 45 years ago. I was an independent and realized I couldn’t vote in party primaries so I decided to register as a Democrat.
US:127495525,about 20 years ago.
US:201031447,I have been a Democrat since I could vote because I always knew they aligned more with the common man.
US:39910030,when i was in my 20s
US:1192423,don't remember
US:2771319,1992
US:40728298,2000
US:40964749,When Trump ran for president in 2015. And even a little before as I was starting to vote democrat.
US:102011707,1998
US:134007785,40 years ago
US:1240764,Prior to the election of 2016.
US:41180736,When Trump became a thing
US:1242473,About 60 years ago!
US:139218423,"After i saw how full of shit Obama was and how he didnt give a single shit about the troops and how he skyrocketed prices of gas and pretended to care but definitely didnt give a single shit about the common American. The Benghazi scandal was also incredibly eye-opening when Hillary said ""DOES IT EVEN MATTER AT THIS POINT"".. Shows that they are just involved in politics for their own monetary gain and literally do not care about the people who make up the backbone of this country."
US:1382468,Two issues...first was when the NRA/Wayne LaPierre 's influence over the republican party against common sense gun control and the second was Citizens United ruling by the Supreme court
US:205180495,1990
US:24918332,10 years ago
US:165565,no idea
US:186905511,Back when I was growing up
US:835576,At 18.
US:172566,when dems went totally off the rails way too liberal and do not reflect the views of most americans
US:132490067,Age 18
US:29633356,When I registered to vote at the age of 18.
US:3450301,When Regan ran for president.
US:4330148,not sure
US:671852,When I became a voting age
US:193193381,When I realized democrats are worried about the least important stuff that is literally tearing our country apart.
US:192681977,Because I’ve seen what’s going on in the government today! So many of them don’t care what the people need. They’re just following their leader because they don’t wanna be on his bad list. I just don’t understand why they don’t stand up to him and make things right
US:29543128,20's
US:926824,Before I turned 18
US:203734615,I don’t ever remember even though I’m a registered democrat that I didn’t vote for the person I thought would do the best job no matter what party they belonged to
US:40682344,Quite a few years ago
US:200358739,2016
US:798562,when I was 16
US:26176949,Because
US:166837151,When both showed.no.interwst in what the people want and need
US:196851567,many years ago.
US:3364086,I WAS ABOUT 30 YRS OLD WHEN I REALISED THAT THE REBUBLICANS HAD MORE POWER IN THE COUNTRY EVEN WHEN THEY DID NOT HAVE MAJORITY RULE IN CONGRESS.THEY COULD CONTROL THINGS REGARDLESS.
US:2396096,Don’t recall
US:40790377,1976
US:109981989,Two years ago
US:158637221,It has been a while since I became a Democrat. I believed their policies more than the other party.
US:1088813,In 1972 I voted for the Democratic candidate George McGovern which was my first time voting. The country was experiencing much tumult due to the Vietnam War. McGovern was the anti war candidate. I was a college student involved in school moratoriums and protests against the war. I have voted Democrat since then.
US:986543,When democrats decided they were against traditional American values and the Constitution.
US:40244390,In the last decade or so.
US:1436258,30 years ago
US:1851770,First time I voted
US:106331331,During the Kennedy Era- 1960's
US:191976941,In about 2022 - I became completly just disgusted with both sides of the politacal scene- Neither R or D cars about me or you
US:3348464,when i was 21
US:41485109,The year I registered to vote. In 1970.
US:3183908,I have considered myself a democrat since I began voting at 18 years old.
US:1338750,Because they are the most sane
US:163763461,Not sure
US:1447440,Growing up in the 60’s/70’s
US:809637,The first time that Donald Trump was running for president and I listened to his agendas.
US:180686753,have always felt that way
US:2013160,Before I was able to vote.
US:39197801,xxxx
US:150448781,In the early 2000s
US:133816539,1980's
US:131944009,During the Reagan administration.
US:1209600,After high school
US:35437871,Sometime during the past 4 years
US:3796250,I believe I was in my early 30's.
US:134213293,During the Biden presidency
US:1922855,When I was about 25 years old
US:3780090,when i first registered
US:144891219,At 18 years old
US:3056112,In my twenties.
US:118857001,"Probably early, shortly after I was able to vote"
US:181576479,at 18
US:39061102,When I was 18 yo
US:183192599,As early as I can remember. Probably influenced by my republican parents
US:387354,"When I first started voting, 50+ years ago"
US:124403407,No comment
US:1607245,When Joe Biden took office and tried to start legislation against freelance/independent contractors/gig work.
US:1100655,As a teenager
US:195202907,1968
US:1801606,Probably during the Reagan administration
US:102291189,"many years ago, as i believe in freedom of speech and protecting programs that help people"
US:4050783,When Trump first ran for president
US:2628431,2012
US:2130895,When George H.W. Bush was running for his second term.
US:37418978,Years and years and years ago!
US:31391531,1980s
US:27813849,years ago
US:1207020,At 18 years of age.
US:27610611,1989
US:33115886,"I decided I was a Republican when I saw what the Democrats were doing with open borders and electing a man with declining mental ability to run our country. We need someone, like Trump, that loves America"
US:123809551,Teenager
US:2506263,At the age of 19.
US:1552101,I always have.
US:109969457,I think it was in 1979 when I began voting.
US:1782705,In 1969 I voted for Nixon. I liked what the Republican party view was. And my husband was in the Military at the time.
US:40548970,911 could not believe what happened and we had a muslin president
US:1459613,When Donald Trump first ran for president. I used to lean Republican but no longer do so.
US:140047513,When I became old enough to know the difference
US:421044,"Before I could even vote. Barry Goldwater disgusted me. Then Nixon. And then Ford pardoned Nixon. Reagan was just so so. Bill Clinton , while morally bad, was a great President. I have seen no reason to vote any other way."
US:31285624,When I saw the injustice in our country.
US:127758531,Got tired of being lied to by democrats
US:27341118,18 year old.
US:131812505,when I voted for the first time.
US:1059224,When I realized that the Democrats had nothing to offer the average person
US:160083263,Probably when Donald Trump was first elected president.
US:43593495,When I turned 18 and could vote.
US:39614795,At 18 yrs old
US:196500361,Joe Biden was a terrible president
US:24918143,"During the Obama administration, when a ""democratic"" president elected with a change mandate continued or expanded all of bush II's criminal, fascist and imperialist policies."
US:127931873,.
US:182109119,when i saw the corruption of the conservative side of government and realized how little they care about others
US:45753486,early 80's
US:2810659,A few years ago.
US:33608141,2000
US:131350781,I have always thought this.
US:3353432,As a child. Well before I was of age to vote. Family especially Mothers Father. Liked their message at the time.
US:125431911,1976
US:1714235,During George W. Bush term.
US:28112354,When eligible to vote
US:199225561,I'm not really sure
US:157295059,When I was a teenager I saw the distortion in the political system
US:39564325,When I voted in my first election in 1996.
US:155886107,Long ago. Cannot remember
US:30471007,Politicians are all about getting in office and they never keep anything they say they're going to do even though Trump is doing a lot of the stuff he said he was going to do he's also raising tariffs on different countries and causing inflation and that's very upsetting and concerning to me how a person can do that and not care about the people having money to feed their children or the grandchildren
US:1531802,When I was 8 years old
US:42604904,High school
US:4658123,as a teenager
US:186901207,at a young age when worker's issues were explained to me
US:204683049,Many years ago
US:112940837,as far as I remember
US:104629999,when i was old enough to vote.
US:28088203,about 10 ago years when I realized the parties are both blouted and issues started to become unrecognizable to me
US:4404089,when Trump first ran
US:116840473,When I was 21
US:119972761,After the first election of Trump
US:45673939,When I turned 21 & registered to vote.
US:30010531,1976
US:672072,In 1960
US:139480335,Back when Jimmy Carter ran for president
US:121271479,im not sure
US:4399493,The past election when they wanted Biden out.
US:121399723,"I decided that for sure, during the Biden admin because of all the lies!"
US:25417167,When I was 18
US:3662187,"I was a Democrat for 36 years, and then they started going so far left and crazy that I switched to Indpendent. Now they have become completely anti American"
US:42684931,BACK IN THE 80S
US:39471690,Around the age of 16 (~2014).
US:2757816,In my 20's.
US:1125472,1991
US:3700569,At 21
US:46324796,I like them better than Democrats
US:40582209,after oboma wasa elected
US:33196069,30 yrs ago
US:39483585,Back in the 60s
US:177775741,When Johnson made civil rights legislation
US:357377,I was an independent until 2008 and that year registered Republican and have stayed that party.
US:3997343,"I grew up in a family that was predominantly Democratic. From earliest years, I listened to arguments around a dinner table often which generally reflected the ideas of the Democratic Party."
US:4203069,1968
US:365810,1968
US:168924813,18 years old
US:165860111,In my 20’s
US:31807463,Many years ago
US:3969042,"Bill Clinton’s first term. I always voted Republican before that, my stepfather who lived the Depression talked me into voting Democrat for the first time. He was afraid of a conservative SUPREME COURT"
US:139628455,2015
US:46344448,"This has happened in three specific, escalating notches. First, in 2015, before the first time Trump was elected. Second, I significantly increased my dislike of both parties after January 6. Finally, my worst nightmares came true after Trump took office in 2025. when the Republicans became moral invertebrates (or showed their true essence), and the Democrats flailed and failed, misunderstanding working class Americans entirely. And"
US:3611596,1976
US:1856759,I don’t remember
US:189946429,When I realized I’m more “old fashioned”
US:41009574,After Obama became president
US:138735801,Can't remember
US:24056301,When I became a naturalized citizen in my twenties
US:41512244,Don't agree with Republicans ideas of how to treat people
US:175230835,"Back in 1976, I voted for Jimmy Carter for President. Ever since then, the Democrat party has been shifting more left each year, accelerating as it goes. I have been voting Republican since 1980."
US:2727107,2016
US:170604849,50 years ago
US:1244646,Last year beforeBiden stepped down
US:2968047,I just decided on my own.
US:124059747,probably as a teenager
US:1122219,I've identified as a moderate for as long as I can remember.
US:39737022,2016
US:33688478,"Always have been, but prefer to think of myself as not a member even if I have been."
US:43908780,At the age of 18 years old
US:672969,When the Democrats turn so rapidly and so far left that they simply left the moderate people in this nation
US:39890854,Many years ago
US:1829038,Since elementary school. The election that Barry Goldwater lost was the first time I recall having a political ppinion
US:40593308,5 years ago
US:117540281,because i am not labeled one way nor another both sides to rigid
US:4017738,years ago
US:2062755,"In 1976 when Jimmy Carter wreaked havoc with our economy. Gas lines, taxes, shortages. Moron."
US:41002666,Bill Clinton's term
US:191299665,When I was 8 years old
US:203671095,2000
US:4251715,it is what my family was
US:40164018,Ill admit i wasn't very old but i decided when jfk was president
US:185927833,Years ago no reason behind my decision
US:3766998,When I was 18 years old
US:30135935,"Years ago, after first Trump election"
US:2158829,"Back in 1992, when I considered that the Republican and Democrats care more about winning than governimg"
US:182546603,When I saw how against people the Republicans were!
US:4571606,I really don't have to explain myself why I choose REPUBLICANS
US:447454,I don't like Republican policies
US:26300713,When I first registered to vote - approx. 50 years ago.
US:3865936,When I was a teenager
US:40658695,after obama
US:4254501,"When both parties say one thing and do another, don’t keep their word"
US:135222359,Not to fond of most politicians
US:160486719,I own my business so I want to make as much money as possible.
US:116486495,A long time ago.
US:185161887,When I was young I decided that I wanted to be a Democrat
US:185230669,The first time I became a Democrat was in the '80's when Reaganomics put the US in a recession.
US:36693578,When I first registered to vote when I was 18. All of my family were Republicans and there were only 1-2 families in our neighborhood that were not.
US:100936619,"Democrats lie and do not listen to their constituents! And, they stay if Congress way too long. They lie all the time and they have no respect to WE THE PEOPLE!!"
US:173782745,Neither party gets it 100%. There are policies on the left that appeal to me and policies on the right that appeal. It’s the people who the parties pick.
US:696892,I was probably about 17 when I decided that I thought more like a Republican.
US:4365895,The first year I was able to vote
US:152207433,18 years old
US:159896935,From my early 20s and on. I vote based on what the individual politician has done and what they have accomplished that is in line with my views.
US:1372239,1985
US:1963517,early 2000s
US:186501179,2015
US:151577065,many years ago
US:42501285,1980s
US:29681999,When I was very young. I hated GW Bush
US:159061105,During the Jimmy Carter president I voted for him it was a mistake
US:43575707,In high school
US:181421481,Probably all the back when I first voted.
US:2380616,You have a BUG!!!! When did you first decide you are closer to neither the $wording_democratic_nor_republican Party? Sometime between 30 and 20 years ago.
US:180937753,The beginning
US:24481308,1965
US:2122985,Idk. When I turned 18 and started voting
US:183755089,When I really started to think about what I truly believed and thought about people and our differences and our economic classes and our freedoms and our right to choose according to the constitution
US:201045921,"Before I was old enough to vote my high school held primaries for student government. I always read the ""League of Women's Voters"" pamphlet and understood the difference between the parties. Democrats stood for the people."
US:2622366,4 years ago.
US:1241082,Several years ago
US:32394,When I was in junior high school
US:905869,After serving in the Military
US:24863746,10 years ago
US:4716731,When I was 8 years old.
US:3237511,When I could vote
US:27223709,"Only after I saw the repubs were all crooks, before Nixon showed the world."
US:181293401,When my brain stated working. Democrats are just weird Don't even know what a women is. Wow
US:2995614,when I was a young man
US:148353873,I've always been a Democrat
US:103016201,Around high school
US:126871313,Started back with the Bush family.
US:3242443,My father said so when I was a child.
US:124105989,At the age of 18 years old.
US:177186889,When I saw how corrupt all the democrats became.
US:137048209,This year. I’ve always thought I was more moderate/independent but the chaos of the last 3 months has made me feel more aligned with the Democratic Party.
US:105239735,I don't want be affiliated with either party because neither party stands for me. I can't vote republican right now because MAGA has taken the party over and I will not support that.
US:46848234,1972
US:135027307,The 1980’s
US:488743,When I was 18
US:4388272,When I was a teenager
US:190765197,Birth
US:4471257,I first decided I am a Democrat while I was in high school in the early 1970s during the first term of President Nixon.
US:40599962,when i was a 18 teen
US:45922761,I have always been a democrat.
US:162689029,Not sure
US:30241615,Around 1972
US:28405232,When I was a teenager
US:40641660,1966
US:894803,I have always trusted my ability to learn the issues and decide on my own. I find the political parties rather useless.
US:37949400,1960s
US:28770027,That was what I was taught when I started voting
US:38006829,When the delegates bood God 3 times in one of their conventions
US:181508103,After obama
US:140270819,"As the Democratic Party increasingly aligned itself with certain groups and communities that espoused unconventional ideologies and held idealistic, albeit sometimes unrealistic, views."
US:171259979,When trump got into the scene is when politics became very nasty resulting in a shift in my support structure.
US:41922230,During Trump’s first presidency
US:4670987,High School
US:192214629,when George W. Bush was president
US:181266429,before and after this election
US:46821834,In the late '90's.
US:189706043,No sure
US:162855051,Upon arrival in USA 1989
US:2794598,Teen years
US:102522905,I have always voted my conscience regardless of political affiliation
US:4544163,1969
US:3443004,About 15 years ago.
US:1668222,ages ago
US:46714560,When Reagan cut funding for college sentencing me to a life of hard labor.
US:3728247,1984
US:36956027,At 20 years old
US:167634929,30 years ago
US:40556219,1982
US:2877393,In 1976
US:2805720,Probably on college
US:3254208,When Republicans said people rre lazy if they were unemployed and I had just lost mu job and was searching everyday to get another one
US:39653205,After I found out how corrupt the Democratic Party is
US:1698541,When I first voted 64 years ago
US:1413129,Emperor Trump
US:1293590,"When I looked at my ever increasing tax burden and decided to vote with my ""pocketbook"" an d chose the party that wanted to lower taxes."
US:164477477,When I was a teenager
US:189447283,When I was old enough to understand their positions and stances on topics.
US:1978965,I decided to select neither a very long time ago
US:149332529,16
US:162986549,When joe Biden “won”
US:2648604,15
US:2505924,Some time ago. Can’t really say for sure.
US:29061137,During the BLM riots.
US:136113889,Middle school
US:433839,they fight for people like me
US:1486600,Years ago
US:4351849,when i was 18. i am now 70
US:172402325,After I really started paying attention to politics during the Clinton term and watched what the Democrats and Republicans said and watched if they did what they said
US:1102473,60+ years ago
US:37908726,Always
US:103617509,"I was Democrat and supported Jimmy Carter. After that term, I changed to Republican"
US:186890281,I've always felt democratic voters cared more for the American people
US:4668940,The year that Obama ran for President the first time.
US:147235257,2010
US:188885,When the republicans decided to side with democrats by doing nothing
US:39566251,I have always identified as a democrat
US:33451094,as long as i can remember about 50 years
US:1203878,"Maybe never. Candidate by candidate, policy by policy, it's been D over and over. The choice is never for the party as such."
US:40108663,"During Regan years, I was in high school but much more active and involved since 2015"
US:128220557,When I first started paying closer attention to American politics.
US:191189651,2016
US:29689481,I have never found myself affiliated with either party I am independent
US:40460868,The Democratic Party shifted so far left they are socialist at best and communist at worst
US:1585469,When I saw Republicans caving to Trump in 2015.
US:172064911,In middle or high school
US:192621561,They're two sides of the same coin.
US:188829809,When trump was elected president
US:33232243,Since I've been able to vote. There have been some issues that are important to me and it seems that the democratic party touches on these issues more so than the republican party. These issues have actually come to fruition in a democratic candidate at times and not on a republican candidate ever.
US:976346,"When Ronald Reagan ran for office and won, 1980"
US:125838009,"My whole life, but reinforced by Trumps first term."
US:183821545,2015
US:46466605,About 25 years ago.
US:187220145,I always have been. There was no real specific moment. It just made sense to me.
US:40420989,Years ago
US:27147928,I became closer to Democratic Party when Obama was elected.
US:146089697,1992
US:153009413,After Watergate. First time I voted was for Jimmy Carter
US:127181813,2020
US:1577544,When I first registered to vote
US:4171222,I have always considered the Republicans to be the party of the corporations and the rich. When I became aware that the Democrats would not turn away from corporate money and stopped being the champions of working people I gave up on them also.
US:4628509,Can’t remember it has been so long ago
US:29713655,45 years ago
US:44350002,1980
US:663087,"At a very early age, well before I was able to vote."
US:46650863,Trump
US:195468805,never
US:174598317,When Reagan was in office first term
US:42768781,When I voted for the first time at age 18
US:165457161,"Not sure, but I have always aligned with the party that supports unions, and protecting the people in our country who need more assistance."
US:22651982,"I don't know. I didn't ""decide"" it. I just noticed it one day, maybe a few years ago?"
US:2519555,"1980 I voted for Jimmy Carter, union household, lost my job as an ironworker and joined the Marines and never looked back. In 1984, Ronald Reagan and some republican's I held my nose and voted for Bush, Romney and McCain but there was no democrat alternative who I could trust."
US:27577997,When I was a teenager
US:1824582,Not sure
US:46469674,After the Bush/Gore election.
US:184024921,2020
US:196258227,it was a long time ago
US:39509182,dont know
US:1796036,About 5 years ago when I left the Democratic Party because they became too liberal!
US:128945561,trump
US:146099145,early in life
US:41318467,I've always been
US:1403475,When I was able to vote
US:2737454,When the Democrats started promoting socialism and went extreme left
US:175552135,The left has taken over the Democrate Party. 8 years ago
US:168875531,"After spending nine years in higher education and, as a consequence, becoming a teacher at several universities overseas."
US:26906455,1976
US:3314570,When I turned 21.
US:4541895,in 1970
US:133135495,"as an adult, homeowner, etc"
US:185390453,"This past year, prior to that I felt independent"
US:190133205,When I was in college
US:179252761,"I would say about 2015 when the 2016 presidental campaign began. I was never a republican, but had not decided where I fit until then."
US:2469503,n/a
US:3494335,In high school.
US:196123631,When Obama fooled America into thinking he was a good president
US:103736105,When GW Bush was handed the election of 2000
US:117536071,When I realized my belief system was closer to that political party.
US:40291795,When Reagan started pushing trickle-down economics
US:161042035,When Trump became a nominee
US:42680232,Since I can remember
US:173617923,2020
US:185173823,I knew I was a Republican in my twenties because if working to pay my way and leaning toward the conservative values.
US:449325,2010
US:1219840,probably about 1990
US:25707246,In the 1990's
US:41013538,1973
US:4142946,Unsure
US:4231151,When I was a teen my mom voted for Clinton. I remember her and my dad and uncle having opposing political views. I figured my mom was right and always followed her in rooting for blue.
US:1604153,About 5 years ago.
US:200511369,When I was old enough to vote.
US:184458163,In the early 2000s
US:137130429,2002
US:139741213,Age 15
US:443613,When Jimmy Carter ran against Gerald Ford
US:1293842,when i started following politics at age 16
US:132993665,When I was first eligible to vote.
US:2505003,"Many years ago. I voted Republican in 1976 , the first year I could vote and have voted for a Republican over 90% of the time."
US:40631645,at age 18
US:186884581,I have always thought of myself as a republican
US:403836,When I was 18 and old enough to vote I felt I was more aligned with Democrats
US:4150314,1960
US:2796475,Ronald Reagan
US:27690342,back during the civil rights and equal rights era (60's/70's)
US:22663819,I find that most politicians are in politics for power and don't care about the constituents other than for votes. Most tend to be too extreme in either direction. I tend to vote against the encumbent as I don't want career politicians. I would prefer more equal representation to get us back to the middle.
US:41164669,as far back as I can remember
US:44594069,57 years ago when I first voted at 18
US:182936195,Many years ago.
US:4522746,"When I realized the way the Democrats really are..the last 10 years or so. They are greedy and waste tax payers money on themselves,irrelevant issues and people.They seem spiteful and are haters."
US:727802,WITH RON REAGAN !
US:1804295,"During the Kavanaugh confirmation hearings, the Democrats did everything they could to ruin his life, even lied and fabricated schemes to do it. Very, very, mean spirited and ugly. I don’t believe anyone of them should be in Government!"
US:105635961,As a teenager.
US:195388581,When Ronald Reagan freed the hostages
US:187119153,When Obama was running
US:173882145,2018
US:133915101,When republicans died and became MAGA cultist.
US:28143472,I don't care about the politics
US:33400512,In my early 20s
US:129499767,20 years ago
US:31128076,All my life
US:134355157,When Trump came down the escalator in 2015
US:1176353,When I was 16 years old
US:1544386,When I was able to vote.
US:1566514,Around 2000
US:280245,I've never been particularly close to one side are the other but my position has been solidified over the last couple of administrations
US:35657122,in 1968
US:28112962,when i was 30 once i truly realized what they stood for
US:199126273,I think they both need to be revamped. It’s all about who has the most money to buy the politician of their choice
US:1171395,1960
US:27162807,I have always been a Republican because I agree more with their policies.
US:26629381,During Covid when the democrats starting pushing their agenda too much.
US:135955847,my whole life.
US:46064669,I became politocally homeless in 2020.
US:158934801,"After law school when I became a Deputy District Attorney and discovered how the Democratic Party, at the local, state and federal levels, engage in practices that make effective law enforcement more difficult and ALWAYS favor the criminals in our society. I do mean ALWAYS!"
US:198086241,I have always been independent.
US:2031902,Way back around 1964
US:186836033,"Growing up my grandparents, who raised me were democrats and I agreed with them"
US:42047127,2008
US:22493285,Years and years ago
US:2877100,1979 when Jimmy Carter was President
US:165665325,When I entered the US Army
US:100825775,Always
US:2216830,Age 15
US:1253773,"At 25 years old, I voted for George HW Bush because I wanted smaller gov't even when I was a federal employee. But as I got older and started to learn of the policies and goals of the different parties I started to vote for Democrats."
US:182760859,Teens years
US:125095645,When I was in high school.
US:57535,When trump was first elected
US:2255601,1967
US:160581453,When Obama became president
US:39672239,When I was 17
US:39530801,When I learned about God's kingdom
US:384941,growing up as a farm boy!!
US:481411,age 21
US:40424588,20+ years ago
US:1993456,In my teens
US:4487301,used to be a democrat until the party disintegrated into lunacy. didn't know enough about republicans
US:173707499,In college
US:166240663,When the bastards followed the same uniparty fascistic and imperialiastic policies toward Russia and Gaza.
US:166764263,2016
US:151281811,Before the age of 10
US:177614497,Over the past several months
US:27130628,When I moved to a highly red state and disagreed with a lot of the misinformation and propaganda that was floating around.
US:192384519,High school
US:128745929,1980
US:125092189,Have always felt that way. As long as I can remember.
US:29987594,When I became eligible to vote.
US:43433344,Too much censorship and authoritarianism by Democrats.
US:132615231,I became a Democrat in 1995...when I was old enough to vote.
US:122540365,1975
US:198557527,When I was young
US:127240955,21 years old
US:759551,60 years ago
US:140197463,1976
US:173948357,At 18
US:166723,I was always on the right side
US:35741699,In my teens.
US:57191,After George Bush Jr. was last president.
US:24941192,Age 22
US:164729033,College
US:23388555,As long as I can remember
US:41986460,after the election of Obama
US:164481283,"I'm independent just tend to vote for Republicans because they at least sometimes support the same issues I care about. Plus, the other side is completely insane and out of touch."
US:169500497,About 20 years ago.
US:28574391,When I was 40
US:196117905,When I grew up in the Reagan years.
US:125585737,Young age
US:1658830,The first time Donald Trump ran for president.
US:1734737,1980
US:196843025,I decided in 2004 with the second term of Pres Bush.
US:137324923,As a child.
US:2176265,When George Bush illegally invaded Iraq
US:179611313,When I was eighteen and voted in my first election.
US:149179539,Many years ago
US:141168613,In the 70's.
US:152310277,"Grew up in a Democrat family, but really admired JFK and became a Democrat!"
US:168035339,Young
US:30842707,age 21
US:152960151,When I realized that a lot of money was going to welfare programs.
US:155631389,In college during an economics class
US:40372424,1960
US:820018,When I first registered to vote.
US:41294859,I’ve been a republican my whole life
US:195096733,I have always been closer to the democratic party
US:1411228,2001
US:203269815,2015 when trump started his campaign
US:139152123,several decades ago
US:537359,After President Carter
US:26006856,When Republicans became too extreme on various issues and over the wars in Afghanistan and Iraq.
US:1676013,In the last ten years
US:191074,"As a young adult studying economics and international policy, understanding indirect impacts and building long term impact policy ideals."
US:3157912,1978
US:154730117,When the democrats started putting labels above people and the republicans started putting the Bible above people
US:30715398,In college during the George w bush administration
US:188236759,2004
US:1241389,believe in conservative view - less government the better
US:41148566,When I turned 18 and registered to vote.
US:120805729,always
US:1756893,1980’s
US:1929704,From the beginning.
US:153846539,I decided when I compared the priorities and decisions made by the parties
US:43999730,"Voted for the person who cares about the American people, not illegals or all the protesters for Palestinians"
US:182526739,Fall of 2016
US:167901299,As a teenager
US:27101300,In 1990
US:192223903,What I see of the Republicans they are almost like sheep following their leader
US:186313543,When I voted for the first time
US:184870285,By my second election
US:30178469,WHEN MY DAD TOLD ME I WAS
US:141575825,I decided when I was a republican based on what they help the country and it fits my values.
US:25453579,i was a republican when i was born.
US:131271597,In high school around 1998 I realized that I had I agreed with both sides
US:158967485,When Trump was in his first term
US:509302,Voted for John Kerry in my first Presidential election. As a kid I was huge fan of Hillary Clinton.
US:4522925,"When I realized that the current ""Republican"" party no longer supports anything even remotely close to what they've always claimed to support."
US:172770403,I don't remember; probably well before I was 18
US:174104975,since Ron Paul
US:42583995,Early teens
US:2488092,After Bill Clinton ……the Lewinsky affair did it.
US:4365090,About 50 years ago
US:41018505,During the 1976 Republican primary
US:203144991,High school
US:174873585,A long time ago…2012
US:39596627,When the Dem's started making OBVIOUS lie's..
US:2308346,50 years ago under LBJ
US:200629091,i think for myself
US:202775027,When I saw what a terrible job Trump is doing as a Republican. He’s our very own “home grown “ criminal. We need to deport him and his illegal wife. Those are his exact words about some criminals.
US:170673155,High school
US:569257,When the Republicans impeached President Clinton.
US:1906062,when i registred to vote
US:39510773,Several years ago because of abortions.
US:181817481,"I was 18, and hearing conservatives talk made me realize they just get off on punching down but then claiming that they're victims."
US:33399698,"As soon as I started to vote, whenI turned 18 in 1968 during the Vietnam War."
US:2291102,As a teenager
US:46110889,Used to be a registered republican
US:191849051,I do not know I believe I’m just I was raised in West Texas
US:4599182,When I head my parents talking politics.
US:26900045,When the Republicans went crazy and starting being a cult.
US:141933759,20 years ago
US:29445403,When I was 18 and voted for the first time
US:45275071,1967
US:741692,40 years ago
US:35099635,a long time ago
US:177669219,when I was about 18 and realized how insane the Dem party was.
US:178894325,"I have been a registered Democrat and a registered Republican. When Trump was running for President the first time, I definitely registered Democrat. In no way would I ever vote for him."
US:36320918,When Trump was elected in 2016.
US:44547027,Years ago
US:25216084,As soon as I understood politics
US:1964367,After The republicans ruined the state of Florida.
US:171992063,Middle or high school
US:3053018,"After voting Republican for 25 years ,I decided the Republican party was going too far to the right. The Tea Party was the start of the down fall."
US:174811825,I have always felt like this.
US:27659037,1990
US:188851381,When Hillary was running for president
US:34434658,Before I turned 18
US:131216537,when republicans went right wing
US:129511861,My family are democrat. I was raised democrat. First time I was actively interested was when John Kennedy was president
US:4215486,when trump took office last time
US:187207903,I don’t
US:1613146,"By late 2010's became apparent that neither party listened to concerns about immigration, DEI and inflation"
US:177518027,2004
US:1766805,When Richard Nixon resigned
US:187587997,"2016. After the presidential debates it became clear that the party had abandoned all that was pro family and the people’s wishes.,they only supported victims printed racism and their constant attacks on Trump.,their whole campaign was anti Trump"
US:140252657,In 2008 when the Washington State gubernatorial election was stolen by democrats. Dino Rossi won but ballot boxes and ballot cages previously certified as empty kept coughing up votes for Gregoire … until she had enough votes to win.
US:27005671,When I was 10 years old. 1960
US:175232405,I don’t like politics
US:42716313,I was raised a democrat
US:147130813,Can't remember when I became a Republican
US:28884717,Cuando me hice ciudadano americano
US:185716513,"always been a republican, voted that way since I was 18"
US:191187007,"in high school on surveys. however, when I was taught about the constitution in middle school it really solidified it because once you fully understand the Constitution and the way the founders intended it means that your going to be a republican."
US:100792235,Around 2015 when I graduated from high school and started to experience more of life as an adult.
US:22539615,I decided I am a Democrat when I first registered to vote.
US:615682,when I ws old enough to vote
US:1199865,after nixon was elected
US:144221315,"After 9/11, when the Republicans went hyper-patriotic and racist, and Democrats were smart and caring."
US:188649613,Since 2008
US:132819105,I was in Y late teens
US:43911819,Last year
US:15636,When I moved here
US:4258213,no comment
US:2350912,As a teenager
US:185352507,When I started voting
US:38069276,At 18 years.
US:2849062,1962 while watching President Kennedy speeches.
US:40781251,1982
US:330731,Ever since I can remember
US:195218269,I decided when I was a teenager that I was a Democrat.
US:181100699,I first was Republican but disliked their attachment to the moral majority. I like Bernie Sanders but I think they neither give a hoot enough about climate change.
US:187420869,When i realized that the democrats were going way too far left
US:128743307,When looking at the parties and comparing their ideals
US:27523731,About 2 year ago
US:1267464,4 yrs ago
US:4476187,a few years ago
US:2558132,1952
US:851587,1971
US:37300852,1980
US:1565345,G. W. Bush Administration
US:161606763,N/A
US:142885003,35 years ago
US:122431887,since i began to visited
US:595780,When I was 18 and was getting ready to cast my first ballot.
US:28264345,i don't get into politics
US:1065644,After seeing the hate and division spread by democrats
US:129248607,When I was a teenager because my family has always been republican
US:3752804,When LBJ was President.
US:179486649,2016
US:2297432,When I first voted years ago
US:28244076,After Donald Trump was elected the first time
US:13121,High school
US:41524661,WHEN WE ELECTED TRUMP THE FIRST TIME
US:181563451,When the Republicans became unrecognizable by choosing Donald Trump as their candidate
US:3010342,When Reagan was president
US:128284009,Early on
US:45168973,Always been
US:41221206,Don't know
US:174812831,Born and raised “republican” but pretty much as soon as I could think for myself
US:46372878,2007
US:174086369,When I started looking at my beliefs
US:2158923,Probably in the mid to late nineties.
US:148010525,As a teen.
US:41032392,Always
US:170269399,-
US:183261681,I was registered democrat forever. I am still technically registered democrat. But they have lost their spine since they absolutely fumbled the 2024 election.
US:3811972,I've always identified with their views so before I knew what a democrat was I knew what they believed and I agreed
US:38336436,When i turned 18
US:188276831,After Covid
US:1466011,1980's
US:116795299,I was born into this
US:188505737,Not sure
US:2356963,IMy mom was a sincere Democrat and I learned to appreciate those values as a high school student.
US:966541,1994
US:203956021,When I was in my 20’s
US:180709497,many years ago
US:4524198,Economy
US:39939032,1980-1984
US:188404835,Growing up
US:150433761,Many years ago
US:1186901,After President Clinton. The democrats after him became too liberal.
US:191797701,I began that thought process as a preteen as my parents were very involved in the political arena and influenced me.
US:200528197,1994
US:105619,2007
US:46374498,first vote
US:24243685,I don't understand this question
US:1114879,"A few years ago when, at a public event, someone stated that Democrats are inclined to help people while Republicans seek to help the wealthy."
US:1148208,Don't know
US:26528663,I think when I was 16 - nearly 30 years ago
US:186611857,Because identify values in both parties that accept and leave too so I don't stick myself with one party
US:146690641,When these parties decided to tell me how to live instead of providing service to the people.
US:3174517,Several years ago when the Democrat Party's views moved further left and continue to do so. Before that I was an independent who would vote either way depending on the issue.
US:376090,When Trump was first nominated for president in 2016
US:181153799,age 18
US:28693750,2020
US:25051106,When I was in my twenties I realized my career placed me in the middle class which aligns closer to the decrates.
US:41298844,When I was able to register to vote for the first time in 1972. I got to shake Robert F and Ethel Kennedy when they came to Laporte Ind in 1972. I volunteered for his campaign.
US:1824844,1960
US:188872699,at the age of 18 .
US:42943674,When I first voted for the first time
US:128046679,always but for sure after the Iraq war
US:495928,when i realized how much democrats lie
US:191656033,After 2012 when i first started voting.
US:41535622,As a teenager
US:153608619,When I first started voting at 18 years old
US:31554511,when my parents were voting as democrats
US:27270932,When the democratic part started to become delusional. Obama era
US:178874797,when I registered
US:170413401,In 1972 when I was 19 years old.
US:143110165,1970 something
US:2366053,many years ago
US:136655833,About50 years ago
US:186237599,Whenever a Republican open their mouth.
US:191573431,20 years ago
US:29142987,When I was young
US:183449867,High school
US:1082963,When most or all of their policies align with mine.
US:145432303,When I began paying attention to politics and local elections.
US:2781061,I grew up in a Republican family. I have never questioned being Republican
US:113887129,2000
US:32345586,I've always been conservation
US:4391488,2020
US:172047493,When my views aligned with the majority of the policies they support. A long time ago
US:2568421,IN HIGH SCHOOL
US:178588451,Since 10 years old.
US:2008679,prefer not to share
US:102526651,I can't share this because it very confidential. I apologize.
US:195743725,When I saw that how I felt was similar to this Party.
US:3333058,ever since I first started voting in early 1970s
US:104948183,When I registered to vote
US:35395566,A long time ago
US:41262182,In my teens
US:973956,I flip flop often it all depends on what the current person running stands for so right now because i am concerned about the economy and immigration I am primarily voting Rep but next time I vote it could change
US:3996471,I have been opposed to both political parties for many years. They spend too much time fighting each other and not finding solutions to problems.
US:116163315,I don’t really remember but it was in my 20’s
US:3154658,2005
US:171936,When Reagan got elected
US:34288296,After Obama was electrd
US:1581506,20 years ago %! Fuc trump & every republican
US:164810881,middle school
US:1257118,Age 40
US:42686953,When Nixon’ corruption was revealed in the Watergate investigation in 1973.
US:117855391,Since JFK
US:544345,1979
US:40129136,1979
US:2517337,1984
US:131158411,From the time i came out of the womb. I grew up in avery politically active Democratic household.
US:26018544,in my youth
US:2324197,During the election of JFK
US:35179869,From the beginning. Most times the Democrat party is just too liberal for me.
US:172609707,In 1967
US:107676933,When I was a teenager
US:198528663,When I was 18
US:4372391,When the democrats were getting out of control.
US:22564191,Not exactly sure.
US:131799501,Age 18. Now 82
US:40599410,"Not sure, when did the Democratic party shift to the left?"
US:1639847,Have leaned Republican my entire life.
US:182612675,Idk. 15 years ago approx
US:41130101,The first time I voted
US:32631615,I am not a US Citizen
US:137825873,Was born into it
US:132504893,40 years ago
US:181731247,The first time I ever voted at in 1984.
US:206465693,When I developed empathy
US:41286264,When i first voted
US:158831607,70 years ago
US:1187079,After the Pentagon Papers came out.
US:2313902,After Carter completely screwed up the country
US:161622419,50 years ago.
US:26167492,Didn’t
US:164069273,Before 1975.
US:4467975,When I was able to vote and I read the paper about who was running and most of the time I voted Democrat
US:480712,During Trump's first term
US:2102857,In my mid-twenties
US:181384291,I registered as a Democrat when I first registered to vote in 1977.
US:3949428,I don't remember
US:100754677,1980s
US:168182813,When I was 18
US:32701180,not sure
US:102378245,"I voted for President Obama both times, but it wasn’t until Republicans ran Trump for POTUS in 2016 that I realized I was no longer a Republican. Trump was such a poor choice - a man with low values and meals, unintelligent and uninterested in politics. The entire Republican Party let me down with the appalling choices they have made this entire century, and even before, maybe back to Nixon and Reagan."
US:31474486,When I was a teenager
US:193613013,When democrats kept prosecuting Donald Trump
US:742908,2000
US:1437879,I have always been closer to the Democratic Party.
US:170646411,2012
US:159830479,Always
US:190104323,When I was 12..my grandfather influenced me
US:189615781,My Mom and Dad were and I just adopted their ideas and beliefs.
US:133121471,At the age of 18
US:155882145,A few years ago
US:455499,in high school I was engaged in politics There was never a question of being anything else but a Democrat
US:163020805,The first time Trump was voted into presidency
US:187088881,When I developed interest in politics and welfare of the country
US:193379437,it has been forever
US:4055780,When I was in college
US:32575363,Early 20's
US:45803614,Since I understood the difference between the two parties so very young
US:27382106,In high school
US:31278701,At a young age. Since I was 18 and eligible to vote.
US:193503411,At about age 20 I decided most of my thoughts and ideas aligned more closely with the Democrats most of the time.
US:39176205,When I looked at the issues and saw the democrat platform opposite of my morals.
US:182776857,The first time I voted in 1970!
US:168597189,Early on while learning about the goals and basis of each party.
US:4347115,When I realized how bad of a leader Donald Trump is 2019
US:191795111,1984
US:160095539,Graduate school is where I became more comfortable being conservative in my views. I voted for Obama in 2008 but was extremely disappointed in his leadership.
US:40394723,At a very young Age; As a Young adult I switched to Republican. Now I am older I am a Democrat Again.
US:3806476,When JFK was shot.
US:2628077,1980
US:665641,In the 2000's.
US:153308791,I decided as a young teen - probably 12 or 13
US:2145616,about 22 years old
US:25730405,2010
US:143201783,Last year
US:263367,The first time I voted in 1980.
US:501542,high school
US:35234705,in my late 20s
US:24042688,When Richard M Nixon was president
US:2502581,1987
US:681642,10 years ago
US:27142009,Sometime in 2018.
US:34525992,When I see they both vote for the same stupidity or talk a lot and don’t do a damn thing.
US:125241543,Skip
US:42734159,when I became independent and responsible for myself
US:1216543,When I was a teenager
US:148896193,Probably around 2014
US:188267891,ask a child my parents are republican. grew up in church
US:181352987,When I realized that they care more about people and not just themselves
US:41771993,When I was democrat for 5 years
US:135508615,"In my teens, when reading Walt Williams and Thomas Sowell"
US:132638117,"When my children grew up and moved out, I had enough free time to analyze the policies of both parties and determined that my personal beliefs were more closely aligned with the Democratic Party."
US:138361501,"When I got married over 40 years ago, my husband and I agreed that he would register Democrat, I would register Republican and we would not vote party lines"
US:46511714,"When the Republican party started embracing ""trickle down"" economics"
US:140622535,childhood
US:136070671,I can't remember thinking I was a republican
US:29021057,na
US:3396338,The republican party has been extreme and corrupt since they stole the 2000 election
US:1854326,1964
US:136769841,Many years ago
US:155137297,the last five years
US:33656121,Have always been a democrat —they care more about the environment and regular people. Republicans look out more for rich people and themselves—want to impose their bellying everyone else
US:180493507,Since the beginning of my voting
US:27084070,went back and forth in early years but have stuck with Republican for a while now.
US:310175,Since I was a kid.
US:128592399,"I did not ""decide"" but with the last few years hearing some of the democrats speak I feel I am more in tune with republicans other than on the abortion issue. The democrats lost me with all these diversity & inclusion things & with letting minors undergo sex reassignment surgery/mutilate their bodies."
US:4405024,About 20 years ago
US:168021167,obama?
US:128975605,As a teenager
US:132017167,"I have always been that way inclined. So, it was never a transition - I just don't tie myself to a political party but examine the pros and cons. The right has nothing to offer."
US:144790123,"I grew up in a corrupt single party environment run by and exclusively for Democrats and their cronies. Laws were enforced selectively, elections were rigged, corruption was rampant. That place is called Philadelphia and it's why I'm a Republican."
US:134177953,Over 50 years ago
US:137128377,In college
US:187896951,When I was 18 and went in the military
US:127807101,20 years ago or more
US:42561395,When I was a teenager
US:182878625,In the 8th grade 1965
US:1184964,1970
US:21982863,Father asked me to
US:180251291,"Many years ago, 20 or more."
US:1624075,In 1975
US:24062814,About ten to 15 years ago
US:193015899,I consider myself an American and look at both sides but have voted Democratic for years
US:152567261,"When the religious right and neo-conservative nationalists took over the republican party, and even more so when Trump won the primary in 2016."
US:120784089,"Probably about 25 yrs ago when I started to recognize that the government did not have everyone’s best interest at heart. There were so many special projects pushed through by various politicians, lots of handouts preventing people from being productive but just getting government freebies to exist."
US:46943944,When I was about 16. .
US:153616,1956
US:150313,That I Don't Know; But I Would Change If There Were A More Conservative Party...
US:191212865,When I was in my early 20s in agr
US:132951561,when I was 19
US:40826873,When I was 18 years old.
US:136904579,1980
US:123392119,1970s
US:179447933,When the democrats went against my own personal feelings and beliefs
US:28974074,When I accepted myself as part of the LGBT alphabet.
US:1829125,"When I first voted, at age of 18"
US:186987043,Immediately after I got the right to vote i knew i was a Democrat. I knew in no world am I a Trump supporter.
US:180794803,After Clinton was President
US:28162207,About 25 years ago
US:154601211,Pretty much in 2000 when I wished I was old enough to have voted for Al Gore. I was 16 and not able to but that was when I decided that was my ideals.
US:1464194,Decades ago
US:997567,In the 1990s
US:40080293,"When Obama was elected and did many things that I did not trust or support, and he nor his Administration were never asked to explain or defend any of them: American Deaths in Benghazi, Crimea invasion by Russia, Lies told to implement Obamacare/ACA. Then it was capped off by emplacing Biden as President of the US and denying his total loss of mental cognition until the Democrats lies were exposed - to the entire world. How embarrassing and disgusting. Too many lies, too much dishonesty from the Democrat Party. En mass."
US:1029294,2016 when I voted for Trump
US:2054332,"When I was in high school, before I was eligible to vote."
US:700822,2016
US:135260641,When I first started hearing about politics
US:147958329,1980
US:40498956,Many many many years ago.
US:999639,Voting for Bill Clinton
US:181223,55 years ago
US:128236041,When I was young
US:3338448,when I decided that I didn't belong to either party ideology
US:174929909,Probably 10 years ago.
US:39845050,When that party lined up with my values
US:2109583,"when i was very young, about 16-18 years old. I've always been a democrat and I will always be one, especially because of what is happening in our country now."
US:183263387,"My parents were Democrats when I first ask the question, thus in my mind, I must be one too. I was very young so I had no idea what that meant at the time"
US:137467557,I think it was around the time of the second Bush.
US:178906315,Long time ago
US:176975601,"In the 1980,s"
US:148810325,I don’t remember being anything but a democrat.
US:168892315,I decided I was a leftist when I saw the system working as intended and hurting people.
US:1578815,In my early twenties
US:202659901,I believe more in people's rights.
US:2787285,when I started voting
US:1318066,"I had always voted for republicans until Obama’s second term, then I voted for him and all other democrats."
US:199538381,2020
US:35143685,In this past election cycle.
US:1807292,1980
US:2690359,i've known since i was a teenager that they all lie
US:200709233,since i was in high school
US:4589816,In 1980
US:541297,About 40 years ago
US:195158719,"I gave up my right to vote in Primary elections, by choosing no party affiliation, about a decade or so ago."
US:42644439,In 2016
US:165453939,I will say in 2000
US:115588855,When I found out that both sides hate black people
US:4191765,Before I turned 18
US:187863307,"MOST OF MY ADULT LIFE I WAS RATHER BORDERLINE. BUT TRUMP, VERY QUICKLY IN HIS FIRST TERM, TURNED ME DEFINITIVELY DEMOCRAT. ALL THE REPUBLICANS (MOSTLY BACK THEN, BUT A VERY FEW HAD A BACKBONE)…"
US:175064635,traditional values
US:1572282,when i was young
US:2647075,1974
US:1554515,I'm democrat since my yough
US:1121996,Years and years ago
US:2933497,I became a democrat in the 1970s.
US:169367785,2004
US:31896512,2013
US:179813089,The first election I was able to vote in - the republican candidates shared more of my ideals
US:2034235,When Trump started running.
US:40871783,1999
US:138662129,"I think it was the first time I voted. It was when Obama was running and during the primaries, I was looking at both the Democratic and Republican nominees. But Obama stood out,and that was when I became a solid democrat. Not just because of Obama, but the policy and views he espoused."
US:132689347,1989
US:185808189,In High School when Ronald Reagan was running for president and Jimmy Carter was running our nation into the ground.
US:4210623,When I first discovered leftist politics in grade school
US:180805935,When I first voted in 1980
US:113284831,Right before college
US:151897851,1980s
US:180464653,When trump came
US:88813,Two years ago
US:2846532,Always
US:195207059,about 20 years ago. didn't like what the dems were doing
US:191816317,About 2012
US:1629156,About 1946
US:183072629,As a child that's all I knew
US:120187057,As soon as I was old enough to vote
US:939781,"At People around, and my father and I want because I don’t believe in the government totally come to our life you mean the freedom to make your own decisions."
US:38520694,When Bill Clinton ran.
US:2293830,I first decided that I was a republican when I saw all the diversity that I did not like on the side of the democats because they do not know how to run the Presidency.
US:28077894,Age 24
US:193927367,15 years ago
US:38105873,When I saw what Reagan did to damage thus nation.
US:138685563,"In college, after reading ""Rich Christians in an Age of Hunger"" and various other socially-justice-minded meditations."
US:126518181,When I really wanted a republican in office
US:46414589,"After the 2016 Democratic primary. I was a Sanders delegate and was at the precinct in which MSM reported the Bernie Bros were throwing chairs and other violent actions. I was there from morning until the very end and this was a flat out lie. The cheating for the evil Clinton shrew was so obvious that I bagged that party, who has fallen even deeper into many horrible aspects of our society. So, I guess I am actually closer to the Republican, but they suck too."
US:46649852,High school
US:4466068,When I first went to register at 18.
US:169835077,Well it because neither party did something I believed in. So basically I just had to chose between which one stood for something
US:1307719,about 1985 when I saw the effects of goverment policies on people like me
US:205270645,When I turned 18.
US:201363447,I first decided I was a Democrat in my teenage years when I began to understand the importance of social justice and equality.
US:34145552,2020
US:515170,2016
US:772004,"I never just vote for a party, however in the last several years the Republican candidates have shared my views."
US:142515919,I don't remember making an actual choice. I've just always aligned more with the democratic viewpoint
US:203883375,When both parties became a tool of the same lobbies.
US:2415473,When I was young
US:22516995,After many years of Democrats crap
US:287838,High School
US:144247759,I have always identified as a democrat.
US:134380679,When I was 18 and able to vote for Jimmy Carter
US:2333011,"Years ago when I realized that, while I would split my votes for Congress between democrat and republican, I always backed a republican president."
US:147876513,"During the Carter administration, who I’d voted for."
US:193247259,Since i was young.
US:135772005,When I was 20 during the Bush administration
US:42863446,2001
US:188174809,1972
US:195140437,I decided when I was around 15 or 16.
US:142970483,In last 10 years
US:148239015,1982
US:30005739,When I was in Elementary School.
US:169695815,"I was a Democrat in my 20s, but after extended time abroad, I realized that I am MUCH farther left than most Democrats. There isn't much of an option for that, so I registered Independent because both political parties are too right wing for me."
US:2915372,when Reagan ran for President
US:25445867,I Don't Remember
US:40966041,High school
US:169221259,"I can't remember ever making that decision. My perspective has always been towards helping people, equality, rights, and making things fairer."
US:124256801,From the beginning.
US:4275427,When Republic rallied to Trump
US:191650357,My whole life living around stupid liberals.
US:1471094,Teenager
US:136676055,"About 15 years ago when I truly started paying attention to politics. I felt Obama was very bad for our nation and decided to start paying more attention to government and how it truly was affecting our nation. I realized at that point that I was very against Socialism, which is our Democratic party. Hence, a Republican I am."
US:198305879,Sometime in the mid-2000s as I was starting to become of age to vote
US:2261523,That is hard to say. Grew up in republican household
US:691163,at an early age
US:198027213,After Trump became president
US:38505578,As far back as I can remember
US:2508851,"It's not that I decided to be a Republican, it's that I believed in what they stood for."
US:105353785,When I was preparing to vote in the 2012 presidential election
US:835736,Since Trump became a politician.
US:170055111,1996
US:3317559,During the second Iraq war.
US:137783557,When I realized they were two sides of the same coin — they work together to make sure no one outside of the two parties can get control. 1996
US:194197637,A couple of years before I was old enough to vote.
US:2120070,When I noticed most of my ideas came close to what Trump wanted his first term.
US:41027126,"When the democrats became too liberal, with outrageous ideologies."
US:168688403,I don’t know
US:40608455,When Bill Clinton was running for President
US:188024857,When Donald Trump came around
US:125175483,When my husband explained the differences between D and R
US:188547401,Don't know.
US:46330291,2006
US:136719071,"UNDER CLINTON REENFORED BY OBAMA HE WAS WAY TOO REPUBLICAN FOR ME. THEN CEMENTED WHEN THE DNC TWICE SCREWED BERNIE ONLY TO LOSE TO TRUMP,AND ALSO FOR NEVER DOING ANYTHING WHEN THEY HAVE POWER"
US:45050898,In 2022 when I realized how the mainstream media was telling so many lies and not being journalists.
US:160437981,Not sure but for a long time
US:173964845,Childhood
US:25518156,College
US:44365845,Decades ago.
US:41309602,2007
US:198723641,the past few years
US:116822247,I don't recall.
US:137757983,After Reagan.
US:1707423,When I voted for the first time at 18.
US:40794809,One of the first elections I could vote in was Clinton vs Bush.
US:195157265,50+ years ago.
US:34016536,I decided it when I realized that one side was crazy and the other one had no backbone.
US:35562769,1988
US:1068825,The election of George W Bush
US:125473217,I AM CLOSER TO THE REP PARTY
US:1729537,When Trump got nominated as president in 2020.
US:25173782,When I was 18 and able to vote. I paid attention then to the candidates and it was easy for me to choose democrat.
US:38488441,2024
US:27053049,Only recently
US:205358081,When I moved to the US
US:1285210,When I was in high school.
US:39488609,1975
US:108528823,early in life.
US:25034883,"Before I turned 18, after watching gore/bush and obama"
US:23915049,20 yrs ago
US:172504631,"About six years ago when I realized I think people deserve to keep what they earn, that every person should pay the same percent of taxes, but that I also think cannabis should be completely legal and so should abortion… But immigration law shouldn't change but should be enforced better."
US:4371070,Before I was eighteen years of age.
US:3438212,A few years back when I saw the mess the corrupt Democrats were doing
US:29893273,I became republican in 2020
US:787024,18 years old
US:27600978,1980 I voted for President Reagan
US:100795533,After the last 2 elections I realized both sides are equally as hypocritical as each other.
US:43379785,1990's
US:197655899,Not sure
US:23953429,When I became aware of the abortion issue as a teenager...freedom of reproductive choice
US:197440019,Ever since I understood the difference. Age 12.
US:175638237,A long time ago
US:1566827,45 years ago
US:808516,Before I was old enough to vote
US:29006077,18
US:26742015,When I saw what Bush jr was doing to this country and when I heard what Senator John Kerry stood for. President Obama and Bernie Sanders have also inspired me.
US:123172327,Probably before I was old enough to vote. Certainly before I got out of college.
US:148031,AGE25
US:132303733,As an adult
US:106348563,Nhuijvg
US:2108675,In the 1980s
US:43322716,After Clinton took office
US:41063984,When I was about 14. 20 years ago.
US:204317767,After highschool
US:32465768,When the dems went bat shit crazy years ago
US:164871363,When I turned 18 as thr government started acting up towards the less fortunate.
US:1729282,before i turned 18
US:25745028,Age 6
US:206129665,As soon as I was eligible to vote
US:35090988,I was raised right
US:145207859,When I was around 18 years old
US:376532,Not sure.
US:4565247,when I started voting
