person_id,when_think_pid
US:1971458,"I was a registered democrat for many years, so since 1986 when I turned 18 & started voting, I'm not a Democrat now because they are too center-right and I want a more leftist party, so I refuse to allow the Democrats to count me among their numbers."
US:25693253,very early age
US:1356750,"Once I got old enough to be a critical thinker and saw the damage Dems were doing, especially through welfare. Seeing the destruction of the family made me realize how dangerous progressive policies are."
US:24686788,My entire life.
US:2756600,i do not remember
US:40886750,When I turned 18
US:24286021,Teenager
US:2618768,as a kid
US:4387382,When I was an undergraduate in college.
US:644881,All my life.
US:166143775,1980
US:1360387,Since I first voted
US:42702920,around 3 yrs ago
US:1514127,Decades ago but I still maintain an independent streak.
US:2982035,year 2000
US:26540215,At the age of 18
US:40849686,After GW Bush started wars that were not winnable but I have always been more left leaning.
US:117816353,Many years ago.
US:150923839,"I was in college when I first began identifying with the Democratic party. This was during the second George W. Bush administration, and then just as Obama was elected for the first time."
US:124625563,When i became a working guy.
US:193544517,Less than 10 years ago
US:25684292,I became a Republican about 40 years ago.
US:905529,Yeats ago
US:1760511,"When the Repub;icans started getting too ridiculous about personal freedoms, such as abortion rights. I agree on more (but definitely not all) issues with Dems, very few with Repubs."
US:173699469,1982
US:1338954,1972
US:3511083,4 years ago
US:2241418,From when I began learning about civics.
US:196152185,When I became eligible to vote
US:190672873,Neither
US:142547449,"Question doesn‚Äôt make sense, tech difficulties."
US:40091207,When I registered to vote at 20 years old. My Mom was Republican.
US:1069632,About age 15
US:29827873,Always
US:172629231,Before I was eligible to vote
US:25273093,"I believe since Jr High,"
US:30051479,Like 10 years old.
US:114029663,"Years ago, thought democrat gave too much money away to people who did not work etc"
US:39604099,"Around 10 years ago when things were getting out of control. Prices, etc."
US:184757,"When the democrats started kissing up to the Illegals, LBGTQ communities, going against the police, Trying to do away with oil and gasoline for car fuels."
US:206556815,No extra comment.
US:46460721,I don't remember.
US:1850665,During Bill Clinton's administration. I had voted for him and he was a huge disappointment.
US:182945995,1980
US:184108145,When I realized Democrats were only looking out for their own pockets and those of other countries instead of America
US:4529177,when I was old enough to vote and understand things
US:113003713,I don't care
US:27306590,In high school
US:1333030,1960
US:167636091,In 1976 after President Carter turned his back on the middle class.
US:31654048,Just a few years as I don't like the choices as they aren't for the people!
US:42325322,All my life had the belief that the individual should distinguish himself from the herd. If you are a leader you should have your own personality and not just run with the pack
US:3381436,About 50 years ago
US:39519606,When President Obama was running.
US:125773167,Since the 1960s
US:504120,My first vote in a general election when I was 18.
US:46020779,I would not like to answer that question I have prefer not to
US:40302394,When I was in college.
US:486980,Several years ago.
US:189577503,2016
US:1938312,"like maybe after Carter, Clinton was okay. bushes were not really bad. but obama really did us dirty and Biden if he was actually running things really was bad too. also the democrats are so far left and say stuff but do the something else. the trans stuff!, they speak like communists, they are constantly using judges and saying bad things to people. & the republicans act like grown up people. I was raised catholic. do not go anymore to the church but can not live with things the democrats do anymore. so I would say the democrats lose me maybe forever with Obama."
US:126731973,When I was in high school
US:41275565,"So far it's always been the party most closely aligned with my more progressive beliefs, so probably my early 20's."
US:2233268,1984
US:142251159,The Democrat party is closest to my views
US:171306697,when trunp ran in 2016
US:3283005,not sure - it was a long time ago but my family always voted Republican
US:149003461,"Jan 6, 2021"
US:31253152,My whole life
US:46744593,About 50 years ago
US:2407403,About 10 years ago
US:1180967,Since the Covid epidemic
US:1476228,The first time I voted
US:28205090,3RD GRADE
US:100880745,When I voted in the 2016 election.
US:186835863,At 18 years old
US:1379380,When Bill Clinton was President.
US:28482816,At 21 years old
US:486634,The first time Donald Trump ran for president
US:174822949,2016
US:139527795,Always
US:167873871,A long time ago
US:192371409,The left democrats lost common sense ever since Obama left office.
US:2898489,1974
US:546515,"People who believe in a strong middle class, workers, women‚Äôs, lbgqt and civil rights just to name a few. No oligarchs or kings and that everyone in the country has the right to due process under the law."
US:186211393,When I was 10
US:32243182,"When the democrats made their entire party platform about catering to minorities and trannies, I knew they didn‚Äôt want my vote anymore."
US:128742039,2008
US:131189495,"During Biden's term, especially as he got worse and worse. I wondered who was running the country."
US:22505108,when i was able to understand politics
US:108650,my entire life
US:108070083,When their views were closest to mine
US:290784,In high school
US:1846540,1967
US:40795041,I was a Democrat for more than 30 years but the party moved radically to the left so I changed to an Independent.
US:126130405,When neither would do anything about a convicted felon running for the Presidency. The Democrats or Republicans cannot be trusted.
US:40967547,2000
US:138532473,Not sure but maybe in 2000.
US:135625361,When I realized how liberal the Democrats are.
US:143489809,middle school
US:176733001,"For as long as I can remember, I've considered myself a Democrat. I'm elementary school and junior high school, I learned about the two main political and what each party supported. Democrats seemed to care about all different types of people. They were enacting laws that helped people become better versions of themselves or helping people during difficult times."
US:31331333,When I could first vote as an 18 year old in 1970
US:194162167,When I first voted
US:3085239,neither
US:27240065,Age 30
US:37453797,After 9/11
US:1582048,As a child growing up in a Republican family.
US:143509995,I‚Äôve always thought of myself as a democrat
US:165320667,it was in my DNA and I acted upon it when I became aware of what was going on in America.
US:25773417,"Around the 2008 election, which was my first election"
US:142456337,After Obama came into office and ruined the Country.
US:128058639,"When Trump first got in as president, because help helped. But it's gona get better"
US:121183699,Ever since I could vote
US:128079483,I don‚Äôt remember
US:28390583,NEITHER DO WHAT THEY SHOULD
US:4319079,When democrats encouraged rioting and soft on immigration
US:27535402,When Hilary was debating Donald during the 2016 election cycle.
US:2279772,For a long time
US:1426621,When I realized the ethos of the Republican party and well before I could even vote.
US:2351490,When I Left The Military and Entered the University...
US:41955514,Probably all my adult life
US:126803469,Very young
US:4156057,As long as I can remember
US:25896055,Always
US:37840851,When I started voting.
US:42611179,When Obama took our country so far to the Left. He began to divide this country along racial lines and pitted everyone against everyone else.
US:117878507,This year since dictator trump was elected with sidekick musk
US:3008494,Since I started voting
US:2882424,Quite some time ago especially when Ronald Reagan ran for Governor of my state and then for President.
US:27286398,Very early on when I was able to vote as I support less government and more responsibility for people to take care of themselves.
US:33145216,when I was hearing about the 1960 election as a child
US:2417808,after voting for ronald reagon
US:3711871,When Bidan was elected President.Totl
US:22479083,My parents made me register Democrat when I turned 18. They said that people died for my right to vote so I am obliged to do it.
US:45832991,In 2016
US:373594,15 years ago
US:24551849,In the 1980s.
US:26440196,When I registered to vote at 18
US:113353081,1975
US:161653365,Neither party is a match for my ideals as they both have things I agree with and things I don‚Äôt and neither will negotiate and both are too extreme
US:4274808,When I first started voting.
US:597116,1966
US:670080,Since I was able to vote.
US:1804280,60 years ago
US:30701219,When I started 5th grade
US:990540,when i was 24 years old
US:163989631,1969
US:137783195,My first vote for a Democrat President was Obama.
US:112049047,During Ronald Reagan's presidency.
US:28491293,After Richard Nixon resigned
US:150431611,"In my late teens, in the mid 1980's"
US:35905672,Unknown
US:41217056,When I became legally able to vote.
US:172489391,When Ronald Reagan was elected President
US:4482809,im not sure
US:186669327,Not sure when. Probably when deciding first election voted in on who voting for
US:40022218,Middle school
US:1421994,1980. When Reagan beat Carter and started destroying the country
US:139758105,I refuse to join either party since I have little respect for either of them. I am closer to the democrats because of Trump and all the republican who follow and support him. I find to be cowards who refuse to stand up to Trump and his autocratic ways.
US:40943555,in 1974 when i voted for nixon
US:199829417,Back in 2015 before the 2016 election..
US:1729988,When I was born
US:1130607,Probably about 3 or 4 decades ago.
US:178340357,"It‚Äôs been 5 years or so since I withdrew my affiliation with the Democratic Party. I‚Äôve become quite disillusioned with our government and politicos. Now both parties are repugnant and demonstrating little, if any, regard for the Constitution and our check and balance system."
US:139599977,Since I was able to vote at age 18.
US:3351511,When I waz old enough to register to vote.
US:1625340,1976
US:939207,"There was a time when I was closer to the Republican party, but with the current Federal government things are different and the will of the common people are not recognized now. The Democratic party is now closer to democracy, the Republican party is clearly getting away from democracy."
US:168601691,1970
US:177520929,1987
US:4191686,I became a Democrat after Donald Trump served his first term.
US:182233645,At age of 18
US:197890433,30 years ago
US:26736042,1979
US:155870419,My first voting time was to vote for Ronald Reagan
US:4364745,Probably 20 years ago.
US:23562026,Neither part really represents my interest. More alike than different
US:142438759,After Obama took office and I realized how corrupt the democrats are and we need a change
US:4201733,When I was able to vote
US:3523748,When my parents told me they were. I was 18.
US:2867682,Can‚Äôt remember but probably high school
US:1336536,Long time ago
US:45056868,The first time I voted at the age of 18
US:1189946,1990
US:2297173,when I was 18.
US:3183554,Leaned Republican after JFK asassination
US:519167,All of my life.
US:186860737,College when Al Gore ran against Bush
US:124249271,When I first started voting and my audiology align with some of the Democratic candidates.
US:1885144,When I was around 10
US:3003626,1980
US:1853845,since I wasa boy in 1940s.
US:32637599,After Obama divided our country while in office. He took the race card too far and divided us all.
US:204417585,I don't think I made a decision. My family are Republican.
US:193611061,"I suppose that I first thought of myself as a Democrat as a teenager,around 16.I listened to my Mother and family as well,they were all Democrats.I figured that the Democrats were the way to go."
US:4275792,I would say putting God and this nation first above all else.
US:1936408,when I saw sheep fall behinds the lies and vile attitude of Donald Trump we will lose our demonocracy if he is allowed to go unchecked
US:40590505,WHEN I WAS 16.
US:197208331,5yrs ago
US:176570529,2015
US:194176021,1996
US:2654290,in 1994
US:4415166,After my husband and his parents explained the system in detail to me 36 years ago when I got married.
US:46328622,During Trump's first term
US:175082343,1973
US:717722,High school
US:1663104,The democrats have been very deceiving and dishonest.
US:193012325,Neither party is doing anything for people like me
US:4262035,When I voted for Reagan
US:169495565,My whole life
US:40736513,When I was 18 and registered to vote.
US:169360,"During the Vietnam war, especially in 1970 when Nixon invaded Cambodia."
US:27289551,"When I was a kid, I saw how reckless Democrats were with money and social issues for their own gain."
US:349992,during the Bush administration
US:1058451,2020
US:1547702,When I became old enough to vote and moved out of North Dakota.
US:185325667,Two years ago
US:125486481,When I realized being independent wasn‚Äôt going to get me anywhere
US:670658,"I used to claim to be a republican many years ago, but they drifted away from conservative values"
US:25724409,do not remember my age but was young
US:100457741,The first time I voted.
US:146221751,Around 40
US:33940755,I make my voting decisions based on the candidates not the party. I don't believe either party can be trusted. I have always voted for the candidate not the party.
US:40323596,When I realized the Democratic policies were in my best interest.
US:67044,Having conservative views.
US:27187911,A few years back
US:28536487,During the Obama administration.
US:177598529,2003
US:170096505,"When I realized the Republican party's only interest in freedom was for rich, white, Christian men only, and everyone else was expendable to them."
US:4334999,When I start voting for the first time and the Democrats views were mostly like mine.
US:155287751,After Donald Trump
US:2292430,no comment
US:24846815,As a teenager during the Vietnam War
US:185850865,50 years ago when I lived by Chicago
US:167521275,In the early ‚Äò70‚Äôs. I was sick of all of the welfare programs with no requirement to work or make an effort to find work. I took responsibility for for myself.
US:153420309,When I was born
US:3213703,At a very young age.
US:41063862,Always
US:1437241,A long time ago.
US:45827685,When my ex stated she was an republican
US:182884763,I agree with most everything the republicans do and think the democrats are trying to make the people dependent on the government.
US:24918722,Over the last few years when voting for the Democratic candidate
US:40618263,2016
US:4316372,1985
US:22969670,As soon as I was of voting age
US:35672523,When I was in high school.
US:27382076,During college when I was learning about government and civil rights.
US:1571973,1960
US:165827235,Probably about ten years ago when I was learning about the different parties and coming into my identity as a marginalized person.
US:172003357,As a teenager when I witnessed the strong racism and bigotry from the republicans and also their force of their religion on everyone.
US:162798869,I thought of myself as a Republican in 2004.
US:203369965,Don‚Äôt know
US:192777411,Probably around 2007 I think.
US:145782741,When I voted for JFK for President.
US:101551735,From birth I've been close to the Republican Party.
US:165922855,Always
US:117331823,When I realized the democrats don't care about me
US:4412186,Allways have thought that
US:3164254,Over 20 years ago
US:183369565,Stop wasting government money put traitors in jail
US:39417223,At a very early age 16- 17 YO
US:186274103,"When I compared policy approaches, I agreed with the democrats' way of doing things."
US:206068529,In voting day
US:4130138,"BASICALLY WHEN I WAS IN HIGH SCHOOL AND TOOK CIVICS. AND, I CONTINUED IN THAT DIRECTION AFTER GRADUATING AND STARTING TO VOTE."
US:195224515,When I was 18
US:207421231,Because I don't don't do politics.
US:193198921,"Obama was the first President I voted üó≥ for. It‚Äôs not because of his party affiliate, it‚Äôs because I thought he would make a difference. He, like those before him did nothing that benefits this country."
US:178410399,During the GW Bush administration
US:200818699,As a child growing up
US:163244629,probably the Reagan era
US:176988331,Since I started being aware of what is going on. Both sides have something right
US:2999933,During 2008 election
US:238534,When I turned old enough to vote
US:4637314,I've always been a Republican it runs in the family
US:4350425,Ever since I started to vote.
US:155847739,No idea
US:142482955,In kindergarten.
US:37558461,twenty-five years ago
US:146513061,"I used to be a democrat but when they went to left and became radicalized I changed to republican. Their moral values are right. I don‚Äôt even recognize the Democratic Party anymore, allowing open boarders and encouraging riots and turning their back on the morals of this land, allowing men in women sports and teaching children to change their gender. And now fighting to keep illegals in the country."
US:42868412,When the democrats went nuts.
US:194731061,In my 30‚Äôs.
US:189668067,Never considered myself a Republican but voted Democrat in 2012. Clinton is the worst and I could not vote for her in 2016. The Democrat party has gone downhill ever since.
US:198659091,Early 20s
US:2257436,when I first registered to vote
US:46509319,Since I was really young
US:25164130,When I first voted at age 21 as I was always part of the working class silent majority.
US:206343225,2015
US:28245199,1980
US:149749489,I'm not policitally inclined
US:205174765,5 years ago
US:290464,When I was first registering to vote
US:2409084,when Johnson was president
US:3074529,When I was in the eighth grade watching the Congressional investigation of Watergate.
US:24283092,Most of my adult life
US:3416672,Back in the late 1970s. Probably for sure when Reagan was running.
US:2865802,I agree with. most of their decisions
US:887627,Always
US:624926,I thought of myself as a Democrat when I began to vote at age 21.
US:41003250,In the 2000‚Äôs
US:176660221,I was a life long democrat til they started pushing liberal agendas such as DEI equal rights mainly gay marriage etc
US:39857116,Many many years ago.
US:1915603,When Tulsi Gabbard switched
US:154799359,"up until 2016 I considered myself an independant because I voted for a persons character,qualifications and word not by party. During Trumps first administration I found many reasons to lean more and more democratic"
US:117063461,I have been a Republican since I first voted at 30 years of age.
US:46854801,First time I voted
US:141316529,Since I started voting at 18
US:29196009,As a teenager back in.the 1980s
US:35974578,When I saw how much Republicans favored big business over the public
US:1015933,I just stay away from politics
US:190809023,Not sure....
US:197879847,I became a Republican when Obama was in office
US:138955263,"I was very young, like 15."
US:40740267,When I saw the Republican party moving towards fascism.
US:2657780,as a teenager
US:4290188,WITH IN THE LAST COUPLE OF YEARS
US:40721305,I always have
US:314215,not sure
US:173640705,I can't remember
US:29864847,1958
US:188327943,"2020, when I was first getting into politics"
US:193760887,2023
US:2474594,When i was in high school.
US:495847,In my early twenties when I started working and had to be responsible for myself and my own finances.
US:29454577,"I had been a Republican back in the 1970s and 1980s, but switched to Democrat when the Republican Party became infested with Rush Limbaugh. I switched back to Republican because of the Democrats supporting DEI and funding universities. The problem with universities extends beyond crazy left wing stuff. Science actually has become infected because too much money has been spent in it, and it has become a big bureaucracy, often advancing nonsense because people want to conform. I still do prefer the Democrats on smoking--they are more supportive of smoking bans in public places and other anti-tobacco measures. I slightly prefer the Democrats on other environmental issues, but they are now pretty weak. For example both Biden and Harris supported fracking, and the Democrats chose a coal lobbyist, Jaime Harrison, to be the head of the DNC just prior to the current head. Why did they do this? Because he was black, and that is all they care about."
US:39565636,During Obama‚Äôs term. He spoke a good game but created culture of racism and division. He blew it for me when he didn‚Äôt think America was great. I think that was in a speech in January.
US:2559310,Vietnam
US:131893163,1972
US:145200391,During Barack Obama's second term
US:2594180,When Nixon was awash in scandals.
US:27124844,About 10 years ago
US:188436735,When John McCain added Sarah Palin to his ticket to pander to women voters.
US:115442519,Always
US:140242283,As long as I can remember
US:188501541,Experiences with inequality and injustice made me identify with the Democratic Party's values.
US:170396695,When I became aware of politics so probably when Obama first ran for president
US:101669325,when I was 18
US:108028501,A few years ago
US:186891765,50 YEARS AGO I KNEW POLITICIANS LIE . I DON'T LIKE TO INVOLVE MYSELF IN CRIME AND CORRUPTION.
US:672977,years ago
US:187630747,When I voted for Obama
US:40246084,I've always have. I don't remember when
US:4638263,Always
US:2563039,During the Nixon administration
US:176224,When Joe Biden and Kamala Harris were first elected!
US:26619647,When I was about 7 years old
US:186895145,1960
US:31505686,1972
US:3089805,"Many, many years ago, but I always was proud of the fact that I rarely voted a straight party ticket. Always voted for the individual that best reflected my take on the issues."
US:171060083,"I guess I always have not politically followed the Democrat and the Republicans, but felt the Democrats had more heart"
US:172820435,The people should be able to decide on specific matters not only the politicians. Democrats are too liberal.
US:36497032,"A long time ago, over 50 years"
US:2876445,Don't remember
US:40594036,Because I know NOTHING about neither or politics so would just rather stay out completely of that topic.
US:32967718,always
US:141524063,About 20 years ago
US:2273805,Since I started voting
US:39409256,"My grandparents & parents wereDemocrats, so I always identified that way!"
US:28233243,1977 when I first registered to vote for the first time. I thought myself a Democrat when I saw what being a Republican is about.
US:46130737,After I heard the views of family.members
US:1215825,"56years ago, when I first registered to vote"
US:40642036,When Demorats did not pay attention to the will of the people!
US:135088049,When considering polices and actions that reflect the U S Constitution and the Bill of Rights.
US:197366017,Always
US:3164502,It was when I was watching a Rush Limbaugh show that I realized I was in the wrong party. I changed parties that year and I've never regretted it.
US:963660,in 1958 when I was 18 and could vote.
US:106791941,After the 2020 election
US:33759408,never
US:41792194,In the 1960s
US:153975485,I have never thought of myself as a Democrat. I voted for someone who happened to be a Democrat and it went on from there.
US:42677366,"Many years ago, for the first time; however, much more recently as the Democrat Party is no longer, even remotely, fighting for regular people, they fight for the super wealthy."
US:4515565,"In my mid-teens, I guess."
US:3141918,When I realized I was voting mostly for Republicans
US:32546137,"Most of my adult life, the only democratic president I considered was Jimmy Carter."
US:166973633,"As far back as I can remember, everyone of My family has been a democrat"
US:188253815,When I fur
US:206097593,Where do they find these politicians
US:163440249,Boring & irrelevant
US:134351069,Back in the 1990s
US:27926123,Always
US:25459674,When Donald Trump became the Republican nominee in 2016
US:40624657,My parents were democrats and I identified with most Democrat politicians
US:1184762,I used to be a Republican. However I moved away from them when had little tolerance for opposing views.
US:4278761,Twenty years ago
US:177983087,I registered Non-Partisan in 1972 the year I turned 21. After finding I could not vote in the Primaries I registered as a Democrat.
US:45726052,2012
US:169123083,When I stopped caring about what was happening with the government
US:146206817,When I was seventeen and thought George McGovern would be better than Nixon as president.
US:130887335,as a young adult
US:2631103,Over 40 years ago when I started seeing the way democrats were heading.
US:41414604,Democrats have become the party of the elites & have no morals. The party left me & most Americans. It's clear Democrats hate America.
US:28202945,When I first registered to voite
US:189290073,when i became an adult.
US:2734679,Obama years
US:170432149,In my early 20‚Äôs
US:3196180,When Trump ran the first time. I was thinking oh God we can't let this happen.
US:1154473,2025
US:1828095,During the 2000 election. I was Republican but hated the way the Republicans cheated Al Gore out of his presidency by using the SCOTUS. I re registered as a Democrat and haven't looked back.
US:140100201,1972
US:1499899,When I regisered to vote in 1952
US:615551,When Nixon was President
US:167984309,none
US:22084835,When I was 18
US:2969762,In the last 10 years
US:3191371,1970
US:108983179,"When I knew that it fights for the right of all people not just the rich, or middle class but the lower todompol of people , people right to speak , hear and see what they want. Not controlled by others."
US:3167039,. Certainly when Obama was elected.
US:2730631,1969
US:137003893,After I voted for Reagan and regretted my vote.
US:37668963,I vote for right reasons
US:131632537,I can‚Äôt remember
US:700171,Always
US:137855943,Age 20
US:3744133,Most of my life. My father was Republican. I was a member of the Young Republicans.
US:143918667,My father was a Democrat and he always told his eleven children that the Republican Party was for the rich and I truly believed him. Look what is happening now.
US:31254056,Always
US:1984612,growing up
US:29442981,"I ran for a school committee office in the '70s and was a republican then and before then, but I have voted for democrats on occasion as well."
US:101985793,Since birth - ha ha
US:169798611,When I realized that Trump was in the 2016 election running as president and the democrat candidate was saying things that sounded very socialistic
US:1316518,1976
US:39928608,Always
US:170195089,Since I became old enough to vote
US:22972579,As soon as I could vote.
US:138550513,In college
US:807523,In my teens during my first election after hitting 18
US:2746020,When I got my first paying job
US:4425732,when Clinton was running
US:193132985,"In the last year, when Donald Trump started to talk like a Fascist. I realized that being a Republican for 30 years means nothing now, that party is dead to me."
US:156714487,My whole life I have voted for conservative or libertarian candidates.
US:4541344,I knew I was a true Democrat from the time I was a teenager and have held my political views to this day.
US:3666980,"In 1976 when I was working for the Railroad and was instructed to Vote Democrat, or Else, harm could come to me or family."
US:4392477,18 years of age. I had to decide
US:1277139,"After Clinton 1, and I discovered he had lied and misrepresented most everything he said he stood for."
US:28818021,when I first starting to vote
US:101523499,I have always been a democrat
US:196596567,Don't know
US:913969,"not sure, the 90s maybe"
US:116835999,"For along time, don't like either party"
US:185480379,obama
US:200175807,In high school
US:579431,As I matured and followed more what was happening in our nation
US:30002325,Several years ago
US:22392855,After 6 years of Obama and several democratic Governers.
US:39459886,"When I learned the difference between Democrats and Republicans. Democrats these days are more compassionate, philanthropic, and seemingly more intelligent."
US:2816387,When I saw how off the wall the Democratic Party is
US:197403395,gaza
US:178817805,During the Obama administration
US:4603326,after bill clinton
US:163090299,I was born democrat
US:3173735,Always have since able to vote
US:24708581,1968
US:182600119,When I started listening to Rush Limbaugh and realized he made a lot of sense.
US:1284947,During Clinton presidency
US:120778421,always have
US:765554,We are for all people
US:1961133,When I was about 13
US:179994321,1984
US:187618805,Unknown
US:2143683,America First
US:1612035,Always when I could vote
US:41596731,"Back in 1970 and my Dad asked, who are you for? I said, Nixon. That's why I put Republican on my ID"
US:134436719,18
US:45692238,When Obama first became president
US:36454902,never
US:169740087,After Biden was elected
US:194533309,A long time.
US:121333755,1971
US:2963081,When Bush invaded Iraq
US:1981471,when i discovered that the Democratic party was communist.
US:823426,when trump decided to run
US:128546897,I dont know never thought about it
US:1402446,At age 21 when I voted for JFK.
US:2491549,"As a lifetime Democrat, I continue to be impressed with our core values"
US:126861069,"Probably, I thought of myself as a republican at about age 20 because I though about my values and government polies more when I became more of an adult."
US:3130390,15
US:2539584,When I first voted.
US:3086877,Many years ago
US:11291,Early 20s
US:27378582,40 years ago
US:41902300,When I was very young
US:132450979,My family has always been democracy‚Äôs. Oboma changed my mind.
US:4202712,When I was 21 and start getting news from different sources. I also have a degree in history and see the detrimental effects of socialism and the nanny state.
US:158694127,When I became an adult and could evaluate the issues myself.
US:22954833,When Ronald Reagan was in office
US:32974396,During Trumps first presidency
US:543159,All of my life. I grew up in a politically active household. I briefly became a Republican in my early 20s but went to meetings and caucuses and soon realized it was not for me. Being a Democrat is as much something I do as something I am.
US:27926155,When I voted for the first time
US:877476,When I turned 18 and voted.
US:29767816,Substance over appearances
US:139642321,1968
US:138645977,When I first started voting many years ago.
US:2073015,1972
US:107505357,five years ago
US:27393269,Cannot remember that far back
US:494406,since teen years
US:2413449,when I started High School
US:27126759,From 18 years of age
US:27502692,After realization that foreign policy is the same under both parties.
US:174507183,When I was old enough to vote
US:130529895,As a teenager
US:165213033,Long ago (I am 750
US:131661457,I was a Democrat from my very first vote. My Mom was a Democrat but my Dad was a Republican whose father was a local elected official. The values of the Democratic Party resonated with me early on and still do.
US:323056,All of my life
US:28437669,I am not sure
US:203285677,Not sure
US:185519765,When I came to live here eight years ago
US:39128355,At 18 when enlisting in Army.
US:2018206,In high school
US:4277067,I'm not exactly sure I used to be Democrat for a long time and I kind of flip sides once the Democrats start becoming whiny about everything
US:3654093,Since forever. I dont understand politics at all. Politicians all lie so it is hard to believe anything.
US:181358225,When Trump became the republican nominee
US:4170926,In the 1980s.
US:168833811,always
US:184157461,I have been one for 25 years.
US:26203425,When I registered to vote way back when.
US:198182127,"My parents were Democrats but I lived and grew up in a Republican state. They ran the newspaper, so I was informed on issues which helped me to make up my mind"
US:1119444,All of my adult life
US:201386771,Unsure
US:167802817,as a kid
US:153956491,don't know
US:18856,In high school
US:677956,When I was 19.
US:41010027,All of my life
US:134422429,Reagan
US:59809,1965
US:192591025,1972. My first time to vote and clearly the Republican Party and my views are similar.
US:2326398,1965
US:32073022,Always. I don't agree with either parties political theater
US:25027018,my entire life
US:41039581,1980 president election
US:40502040,55 years ago we!l
US:876484,1979
US:168640605,2008
US:40439279,When Ronald Reagan defeated Jimmy Carter
US:4214353,During the last Trump administration
US:4718846,as a youth when it came time to vote
US:4053981,after I got divorced and my husband quit going in the voting booth with me and changing all of my votes to republican
US:120197945,Several years ago
US:1462956,"After I left high school, I realized that I wanted to vote based on what candidate I believed was best rather than sticking with one party"
US:192997559,Over 40 years ago
US:134467757,In 2015 after finding out that Donald Trump was running for president. I voted for Obama in 2012 and I had greatly regretted voting for him.
US:40746030,Many many years ago.
US:123356213,When I first started voting every year I voted for the Democratic party
US:41598263,When I saw what they wanted to do for the country
US:119723801,probably 2016 when I realized neither party was good
US:2335511,Mid 90s.
US:40026978,Na
US:141374753,in 2016
US:4505860,"1976 when I read ""Atlas Shrugged"""
US:192892423,Always
US:2280205,2016. Have been a true independent but the Republican Party has been hijacked and they are finding it hard to stand up to Trump. The GOP is no longer
US:3075231,I have always been conservative in my views.
US:2709302,"In high school, after closely identifying with the Republican Party prior."
US:2827179,Since Regan
US:25877219,2004
US:3188763,50 years ago in college
US:1128263,During the Carter administration
US:147006233,no comment
US:160119163,1970
US:29137695,Teenager
US:134654857,No comments
US:752140,Every since I voted for the first time. My parents are Democrat
US:188768029,Childhood
US:41837329,"Fourth grade, age 10."
US:108085039,When I first voted.
US:1536058,when I decided to run for assessor in our town which was controlled by republicans
US:30889178,"actually, when Barack Obama ran for presidency"
US:38150523,"Young, my family were hard working middle-class Democrats."
US:2606768,age 30
US:112322401,In 1984 voted against Reagan thought he was not a good President.
US:197042513,1964
US:40429605,for as long as I can remember
US:191074421,The late 90s as Sununu brought about the win at any cost philosophy and integrity began vanishing from the GOP.
US:206879589,I can't remember
US:40749114,All my life!!
US:2970581,"Only when Trump took over the Republican party and began his campaign of lies, ridiculouslessness and destroying this country"
US:200185177,Freedom of speech
US:482788,After Obama‚Äôs first term. I voted for Obama the first time. That was my last time voting for a Democrat
US:134900403,When I became an adult and started paying taxes
US:3448310,Very young
US:29677730,Before I first registered to vote.
US:39571860,When the republicans didn‚Äôt obey president Obama for his nominee to the Supreme Court
US:144423357,When I learned about republicans
US:41902346,As a child
US:193479349,since i was 20
US:1202726,about 10 years ago
US:4542405,When I voted for most for Republican than Democrats
US:155971683,Reagan era
US:194036659,Around 2008
US:148223427,When I was first able to vote
US:166176695,Can‚Äôt remember
US:163192995,always
US:2760647,2012 when I became a citizen and could vote
US:194929215,The first time I voted was for Ronald Reagan. The Carter administration and the way they handled the hostage situation didn't sit well with me. At that time I considered myself center between the left and the right. I voted for 2x for Reagan and the Older Bush however I thought Clinton wasn't bad and I hated the younger Bush and voted for Kerry. I didn't vote for Obama but I thought we should give the Man a chance. By the time he got out of office I changed my Democrat standing to Republican. I thought he wasn't a good President and cringed at the thought of Hillary becoming President. I will never vote for a Democrat again. Especially after the horrible job The Biden administration did with our Country but here in Delaware we already knew he was a corrupt liar and a embarrassment to Delaware. Him and the Transvestite Sara McBride.
US:39890684,Can't say
US:188063509,"In elementary school, we learned the differences between the parties and my gut identified with democrat views ."
US:194191991,Not sure
US:23655346,When I registered as a Democrat around 2017 or so.
US:35751182,It was definitely after President Obama's time.
US:29769192,Summer 2020 and the praising of violence from the Democratic leaders.
US:3520768,Both parties need to have TERM LIMITs. These life long politicians are all crooks. They have dirt on both sides.
US:31154189,From the beginning as far as I can remember
US:2907015,During the Obama presidency I started noticing that I was agreeing with some of the republican policies and talking points.
US:25185204,When Obama ran for President
US:41013035,For as long as I can remember.
US:27586924,When I registered to vote
US:121261917,When John F Kennedy ran for president.
US:198997249,I thought of myself as a Democrat upon achieving the age when I could vote.
US:27796750,After the Clinton presidency.
US:23312295,2015
US:101433183,Because I never liked any of the Democrats
US:4661069,From the time I was in Highschool
US:125711769,2008
US:133089909,As a teen
US:121586369,I've always been a republican.
US:4180727,2016
US:2601198,When Republicans stopped prioritizing people over making money. ‚ÄúIts a country not a corporation.‚Äù
US:183230147,Probably around 18 when I first started working.
US:133669761,Always. My views are split. I believe both parties make good points
US:1823459,"1980, after seeing the results of the Carter administration."
US:33204863,As a teenager many years ago
US:173586335,In college
US:171423689,When I first started paying attention to the different party issues and realizing where my values aligned.
US:1705176,All my life
US:128312303,WhenI see what the Republican Party has become
US:2727969,20 plus years ago
US:189853217,Since Trump's first election win.
US:178896471,2012
US:2950471,I became a republican after the Bill Clinton impeachment. that is when I started to fallow politics and learned the news media was biased toward the democrats side.
US:156255717,When the Democrats went off the rails in 2016. That started pushing me closer to the center. I've always been more of a small-L libertarian at heart.
US:1318022,I have always voted republican
US:178225,late teens
US:192327411,My entire life
US:27067606,When I was a wee lad and Ike was our prez. I have been GOP since 1970 when I turned 21.
US:4621054,Age 18 when first registered to vote
US:192966227,"During Obama's 1st term, I stopped being a Democrat."
US:206718369,"Both the left and the right are basically the same party. One is the passive right the other side is extreme right. Obviously the extreme right is horrible for humanity, but the other side doesn't really care."
US:178816649,Always
US:1968631,1972
US:4021985,Since 1964
US:2383381,During the GWBush administration.
US:2426526,More than 35 years ago when I became born again
US:2392425,I don‚Äôt know
US:147018857,As a small child
US:128311491,"I used to consider myself a Democrat (and I‚Äôm still a registered Democrat) but after the dismal and disastrous 2024 election where the Dems let Biden screw up the race, I‚Äôve lost faith in the Dems. They are disorganized and have de-energized their base."
US:878659,when I was a child
US:43200314,In the 80s
US:1110411,In college.
US:39564053,In college. But I was a registered Republican for many years. I changed to the Democratic party during the second Gulf War
US:180355483,1990
US:43596614,in my 40's
US:184937445,many years ago
US:180949813,"When I registered to vote in the Presidential Election in 1983, I registered as Republican and haven't changed since."
US:37849778,Always
US:142630619,When Donald Trump ran for President
US:123270405,Grew up with adults mostly democrats; in school I learned the differences between Dems. & Reps.
US:130255147,"The GOP has proven to be against the rule of law,continuing to support Trump and his destruction of the Declaration of Independence and the Bill of Rights.I cannot,will not ever support the GOP."
US:25273077,During the pandemic.
US:180118921,Always
US:170765277,at least 20 years ago
US:101022261,Not sure
US:114311841,During the Reagan years.
US:3678151,I was probably between 18 and 21.
US:28153591,"years ago, liked the policies that made me feel seen"
US:148926167,"Upon the learning the basic tenants of American civics and government at school in the early 2000s, it was blatantly obvious that Democratic policies were much more in line with the needs of my community at large."
US:170546285,Because they both speak the same language but in different directions 1 says yes and another says no. neither one of them don't know what they are saying to each other.
US:1559441,they do the right thing for the county
US:1907018,About 2020.
US:180659271,Started when the then-Republican party nominated the dumbest of the candidates. I realized it was broken at that time and de-registered. That act brought me ‚Äúcloser‚Äù to the other party.
US:41052864,When John McCain chose Sarah Palin as his running mate
US:109852547,I was embarrassed being a dem
US:1160325,When I voted for the very first time over 50 years ago.
US:178061109,When the Republicans started acting loony.
US:151299421,I have always that I was a Republican.
US:190468115,I am a Republican
US:178529855,Once I learned about the issues and how different policies are related to them. This knowledge made me realize that one could not be limited to one party.
US:167953149,Always
US:183104753,Around the time of the Watergate scandal and Nixon's expansion of the war in Vietnam.
US:134488149,I have always felt closer to the Democratic party and at some point I switched to independent party because I didn't align with all of the Democratic positions.
US:140033901,Growing up when my parents spoke out against inequality and prejudice and they voted democrat.
US:40432940,When Barack Obama took office.
US:120519847,After Trump was elected first time.
US:2786276,"College, 1974"
US:41828812,Undet Reagan
US:474324,When I was 12 years old and began to follow politics in Connecticut.
US:25960898,Years ago
US:181703323,"For most of my life, Reagan became President when I was in high school, was too young to vote for him though."
US:32595232,March 2020 after I realized Trump couldn't handle a national crisis and flooded media with lies about COVID
US:37964033,1958
US:2777334,College
US:40853257,About 10-15 years ago
US:1925084,I have been for a long time
US:34371433,When I turned 18
US:186387017,When the Republicans lost all credibility/reliability
US:186512013,Don‚Äôt know
US:2134129,1972
US:42603758,When Bill Clinton was running for office
US:2840119,When I was 18 YEARS OLD.
US:183590675,2004
US:185540091,In my early 20s
US:180748513,I first thought of myself as closer to the Democratic Party in 2008 when Barack Obama became president.
US:104625503,In school
US:29687843,since the 1970's
US:2813844,never
US:291858,I have thought of myself as a Democrat since the seventies.
US:388889,Why Bill Clinton was President
US:37516762,Probably about 10 years ago.
US:201697189,When Obama became president
US:2674554,After Jimmy Carter was elected
US:4556319,As long as I can remember
US:25959865,Most of the time
US:146374001,I can't ever remember a time when I didn't think of myself as a Democrat. I was raised by FDR supporting grandparents
US:999307,Age 16.
US:207504775,Since I started voting
US:180837205,I'm not sure.
US:46123684,When I first voted
US:31983144,At age 21 when I was able to vote
US:1830047,18 years old
US:22539050,Not sure
US:27157409,"When I turned 18, I researched the differences between Democrat and Republican ideology and decided to register to vote as a Republican."
US:151759861,I always been this way because I don't trust any politician
US:41797019,First time I voted (in 1976)
US:29880268,President Obama's second term
US:105617299,1976
US:111199015,For as long as I have been able to vote.
US:1659535,1968 when Richard Nixon was running. I admired the people who were voting for him much more than those against.
US:170297255,In 1966 when I graduated from high school.
US:149312475,10 years ago
US:173315639,PROBABLY IN THE LAST 10 YEARS
US:4013477,"When Obama became President and everyone benefitted except the middle class, he was not tough on immigration, created more taxes and regulations for the small businesses and didn't care that people were suffering under his presidency."
US:1022013,The first time I voted when I was 18.
US:188429969,high school
US:22758472,10 years ag0
US:2354869,When Biden became president
US:196820905,When I was 16.
US:140251567,When Clinton was elected.
US:134351819,Somewhere around the year 2000
US:3343879,2018
US:184534221,The first election after I turned 18.
US:185130269,When I was 18
US:195714785,"Me identifico m√°s con lo democr√°tico, soy las personas que quieren bien para lo dem√°s y no desgracia. Quiero que todos triunfen en este pa√≠s sin discriminaci√≥n ni violencia y sin prometer cosas que no se cumplen, eso y mucho m√°s no lo logra el partido republicano ni lo tienen en cuenta"
US:181662917,Forever
US:184468361,When I was a teen.
US:185031127,When I was still young in school
US:184201605,From an early age. I could see points from both sides.
US:138967145,40 years ago
US:184422555,when i was at university
US:25704002,When I was 10 & JFK was president. His response to racial issues and programs like the Peace Corps.
US:126024231,"Before I could actually vote, around 10 years old."
US:204661085,18
US:1878206,1970
US:133936283,Around 30
US:31319470,1966
US:3687552,"probably after the Twin Towers fell. I noticed no matter who we had in there as president, things were headed the same way and always toward war. That is a big problem. And only contractors and certain people were making a lot of money off of the wars while our people died for that for no other reason. That has to stop."
US:38544764,Teen years
US:40363931,When I realized that most of them lean the same way I do.
US:2719586,"1980 Regan vs Carter watching the democrat party destroying America, for the last 50 years, unfortunately after Regan the republicans came closer and closer to the democrat party and finally the Tea Party was created, to save America, and Donald Trump became the leader and the Tea Party, Blue Dog democrats, the poor, middle class, the poor, homeless regardless of race have joined MAGA"
US:454187,When I saw how cruel and racist most republicans are
US:792291,Always
US:1034363,"1963. I have voted for republicans in the past, but that has become less and less frequent over the years, especially in this last decade."
US:2840828,First election I voted in
US:2863590,About 1980
US:40527757,by the time I voted for the first time I knew I was a democrat
US:952719,After the Clinton presidency.
US:187892777,I‚Äôve never felt close to either party
US:192085229,I don't remember It was after Kennedy was killed
US:204934889,2000
US:35295065,During Ronald Reagan‚Äôs time.
US:26990352,When I was a first time voter 51 years ago.
US:41640576,40 years ago when I first started voting
US:33605021,2005
US:38990298,After the years of Demorats were in office. They are corrupt. I realized then that I was a conservative Republican.
US:4020384,"Carter messed up the economy, hostages."
US:4398194,never really gave it a thought; my parents were Republicans and I followed along
US:41027908,14
US:29571679,When I. Exams born again and the Democratic Party sent too left
US:141241591,Years ago when I saw what the democrats were doing
US:145101741,Definitely by the late 1980s because I followed the 88 election closely and remember taking notes on the democratic primary candidates.
US:390316,About 95% of the time on all issues.
US:173748631,In early adulthood
US:4405534,When Obama was elected
US:4170438,As a teenager
US:2505814,2016 after the democrats attacked Bernie Sanders and installed clinton as the de facto nominee. The democrats showed that they‚Äôre no different than republicans and maybe worse since they‚Äôre liars about being inclusive and independent of the millionaire and billionaire elites.
US:3399100,"I first registered as Republican 1963 when I first voted for the 1st time and stayed one until moving to WA and then changed to Independent, I basically would be glad to be a Republican again but not under these circumstances. I can vote either party and I do."
US:172527909,I feel like i am in the middle of he road and i do not believe in either party. I feel that there should not be any parties and should be by the will of people.
US:171605965,In the 80‚Äôs
US:115176413,30
US:184659269,After 2015 when Trump became the head of the Republican Party and destroyed almost all the good parts of the party. I saw the republicans for what they really stand for and my beliefs align more with the democrats.
US:46352702,During the Obama administration.
US:33786119,After Bill Clinton He is a nut case as is his spouse
US:1027450,Jam 6 2020
US:184160593,"Probably in high school, as I neared voting age"
US:4394192,20 years ago
US:188041273,2012
US:3906229,MY MOM TOLD ME I WAS BORN A REPUBLICAN WHEN I FIRST STARTED VOTING
US:22641767,4-5 yrs ago
US:40173803,When I was a teenager
US:124415183,very young all my family vote this way
US:1462151,1960s during the Vietnam War
US:156721503,2014
US:189665297,Since I became a teenager
US:22479908,1965
US:129612011,Because I agree with more of their policies
US:1262542,long time ago
US:4546727,Ever since I was old enough to vote. I have always been an independent.
US:131032819,When Obama ran for president the first time.
US:126465629,In the 90s when I was a young adult and noticed that Democrats in general focused on issues that were important to me while Republicans tended to ignore them.
US:132250049,In my teens.
US:123861,At 18.
US:175632057,Approx 4 years ago
US:3435012,When Trump won the first time
US:556796,"Age 6, maybe 5"
US:3290180,2004
US:200531429,I became a republican when I heard and witnessed more about violence in this country.
US:117943141,When I realized how much democrats have ruined the country
US:4191420,when all the negative talk began between both parties
US:1802981,16 years old
US:34408890,2001
US:3198620,In High School
US:167686255,From my teens onward.
US:1177770,As a young man
US:1988065,I feel like I first began thinking like a democrat when I became twenty one years old
US:182876147,When reagan was president
US:134281457,1962
US:40733805,2014. Prior to 2014 I was a democrat who voted for Obama. Obama talked but never came thru.
US:138609099,"When I first heard the difference in Democrat and Republicans, sometime in middle school I think."
US:36469321,When I voted for Bill Clinton
US:41189284,All my life!
US:2560418,2008
US:29072022,don't understand the question
US:173482721,before I voted for the first time
US:1021053,All my life JFK
US:149465611,When Trump was elected the first time.
US:134128661,From the very first time I registered to vote.
US:101363517,"In my 20s, I thought of myself as a republican because I lied with the same beliefs. I took courses in college on government. I knew what I wanted."
US:26386561,2001
US:23984814,Since I was a young child
US:167767585,Not believe
US:174450919,Birth
US:285148,When the party decided to throw students and activists opposing genocide in Gaza under the bus to appeal to conservatives who would never ever vote for them
US:168260829,Since I was in elementary school
US:161463865,"Back around 2009 when my views started veering toward Libertarianism. Then since around 2020, my views have moved left toward socialism and Leftism."
US:1355903,1968
US:227731,1992
US:165505285,Since I was old enough to vote
US:1267228,When the Democratic Party threw Bernie Sanders under the bus because it was the execrable Hillary Clinton‚Äôs ‚Äúturn‚Äù.
US:25996145,When I became old enough to vote decided than that voting was not for me
US:1843113,When I first voted
US:2170610,Before I was old enough to vote.
US:444040,1990
US:1269835,2000
US:141234963,About 25 years ago.
US:38102115,"Quite a long time ago, i think in my early 30's. I actually joined and was recognized by the Young Republicans association. I actually switched parties as i no longer liked the direction the Democratic party was taking."
US:41686575,In my 30‚Äôs
US:39217740,When I was old enough to understand the way things worked. Around 15
US:27525478,I have always thought of myself as a Democrat as soon as I was able to vote.
US:39288635,"Both parties do not enact the policies I would like to see done. Trump is his own party and I don‚Äôt associate him with Republicans. I support Trump because I like his policies, I vote for Republicans because they are the lesser of two evils"
US:2122913,As soon as I was able to vote.
US:39904585,When McGovern ran for president.
US:130916733,years
US:131333529,Think of the demographics
US:28812154,after the bush's were in office
US:4629112,I started thinking myself as Democrat since I voted for Barack Obama for President in November2008.
US:174264957,When I was 13
US:157659989,Since I started voting
US:44112586,18 years of age
US:168783063,15 years ago
US:195479159,2019
US:38963920,After I graduated from college.
US:1053505,when the democrats decided to vote with the republicans to keep pushing the budget. nobody stood up against the republicans and the felon in the unlawful EOs stripping all Americans of their Constitutional rights.
US:34410982,in 1976
US:103485521,Last year
US:137748065,1944
US:22013318,I'm not an asshole whi wants to force their will on others
US:34349829,As a teenager
US:2463677,"I vote for people not parties, depends on what person seems to stand for."
US:171427105,The last few years but I have always been independent third party
US:180034539,Last presidential election
US:3576302,When w bush decided against science for stem cell research
US:199812289,Many many years ago
US:2258609,"I was an old school liberal in my youth, until the Democratic party morphed into something unrecognizable."
US:145429361,1990
US:1555985,In 1956 when I was 8 years old & supported Adlai Stevenson for President!!
US:161819797,as a cheistian the republicans are closest to my belief
US:2895306,The 1980's
US:394909,1967
US:32322739,In high school
US:188375707,Last year
US:39355415,At age 18 when I voted for the first time.
US:34613598,When the Democrats became greedy
US:166901911,When Grorge Wallace was governor of Alabama
US:4081090,When Trump was elected th first time.
US:44211633,"I had been closer to and supported the Republican Party since 1972. Before I could even vote. I began shifting my thinking towards there being no reason to support either the Democratic or Republican Party's after during and after the George W. Bush' presidency, so some time after 2001."
US:43920065,When I turned 18 and was able to vote. Had the honor of helping elect Obama the first time.
US:390955,1978
US:28833403,Always been
US:182746339,When I knew the people I vote care about people like me
US:141640345,All my life. I‚Äôm just more progressive now.
US:45563697,In 2008
US:131928831,Probably within the last 25 years
US:2092909,At age 17 (1967)
US:25956310,I have never been a fan of either since they seem to have high levels of Career politicians. And I am one who strongly believe TERM LIMITS of 5 yrs are NEEDED immediately! no MORE Career Politicians! Enough is Enough!
US:40593247,During the Clinto administration
US:142741829,2008
US:620632,When I was 10 years old.
US:38512135,as a teenager
US:141718533,Republicans
US:763244,44 years ago
US:2294989,As soon as I was of age to vote.
US:2211152,50 years ago
US:138462631,After I voted for Barak Obama in his first term. What a joke!!
US:35895940,I have thought of myself as a Republican since I was a child and have always supported the views and policies of that party.
US:190137741,during the 2020 presidential election
US:146042971,Ever since I can remember.
US:2774759,under Carter
US:1968713,Since I was able to vote
US:292087,When Barack Obama ran for president.
US:35053000,When I started voting at 18 years old.
US:1786649,When I was first old enough Vote.
US:145078305,When I was 12.
US:1372845,1984
US:1423633,As a young adult.
US:103717435,I don't remember
US:23876769,"When the dems began to go more and more woke, endorsing violence and being profane."
US:747945,1962
US:172752341,I don't know
US:29695673,FOR MANY YEARS
US:145153087,I was working at a place where I overhead a Republican spouting off some bullshit. On my lunch break I went to city hall and changed my party affiliation.
US:160431337,Decades ago. I was raised in a democratic household.
US:206160115,In college years
US:28838086,Age 18
US:105485815,in my early 20's
US:26502519,I believe in my right to choose more than I care about money. So I'm more democratic than Republican.
US:4681253,10 years ago
US:159532881,"I have though of myself as a Democrat since high school, when I first really learned about the different political parties in America, but for as long as I can remember, my parents raised me with strong Democratic values."
US:2971452,1970
US:134858733,My entire life
US:1979368,"as a child, growing up"
US:109026109,"Sometime around the 2012 election. I don't feel like I left the party, but the party left me."
US:134944345,14 y/o
US:1953556,From my earliest days as a registered voter.
US:25763118,At a very young age.
US:114799303,As soon as I understood the difference between the parties
US:119626051,Always
US:1404380,When Trump first came on the scene.
US:23747155,When I realized at a young age that Republicans only helped the rich.
US:44458683,Ronald reagan
US:103721945,By the time I had reached my mid-20s and had graduated college and was living on my own.
US:3130151,2020
US:32918773,From early teenage years.
US:186621633,1992
US:39048954,"At a young age when Jimmy Carter was President. I could tell he was the ""good guy."""
US:66632,Never have.
US:29530642,As a little child.
US:1949377,"2004, after the Republican Party took a more dramatic turn to the neo-con Right, though I had been Independent since 1998."
US:39557335,When Ronald Reagan started putting corporations first.
US:31964728,"i started as a democrat, moved to be a republican in my 40s--and now an independent."
US:2667942,1964? When Barry Goldwater was running for President
US:27237740,Many year‚Äôs ago ‚Ä¶ near the end of 2nd Reagan
US:2021442,All my life
US:38244,When I voted the first time
US:111905477,Sometime in the mid 80‚Äôs
US:103713921,When Trump f***** up the first time
US:34794260,2000
US:850880,All my life
US:141644113,When I first voted
US:125424141,I do not remember
US:2216949,When I first voted.
US:38438684,At age 18
US:41081489,At around age 35
US:3663484,1977
US:256606,1956
US:142393875,My values are similar to Democrats values (since childhood).
US:116826173,Several years ago. During the Obama years
US:3262991,Since I first voted in the 80s
US:41198195,always
US:194043899,As a child: because they represented an inclusive society and cared about human rights.
US:45807896,"Having a say in politics and having a real democracy,and for the politicians to do what is right"
US:136215923,Shortly after graduating from college. So late 1980s
US:162090615,Always
US:192432061,Many years ago when I first voted
US:134848835,Because Democrats care about the rights of the people
US:174484855,In high school
US:26468460,Age 12/13
US:151466945,I came to the conclusion that neither party represented the people of this nation when I was in high school around 16 years of age.
US:533809,In the last few years
US:28131974,After 2 national elections when both parties erred
US:181617991,1980
US:107539741,I don‚Äôt know
US:31653930,Always.
US:207465037,"I have always considered myself a Democrat, so I would say from the time I was 18."
US:4718732,As soon as I thought about politics.
US:185171301,Years ago
US:2251828,When I married my husband in 1988
US:3402296,Not sure when.
US:186805639,When trump became president
US:169156455,I've just never much cared to discuss or follow the topic
US:2644915,Since before I could vote. I cast my first vote foe Ronald Reagan.
US:3348395,When I was about thirteen years old and recognized the family values Republicans stood and fought for in the United States.
US:2153106,Probably in 2008
US:26826861,In the 70's
US:205733587,after high school
US:179477401,10 years ago
US:4022083,When Trump ran against Clinton
US:4332568,A long time ago.
US:128717329,When trump and Kamala ran. They don‚Äôt understand the working class at all
US:188402681,1986
US:191389655,"When the Republican party started discriminating against other people for social, economic, and/or racial status."
US:171127583,When I was a kid
US:487728,none
US:4316919,"When I didn't care for neither of the candidates of Republicans and Democracts, which was Hilary Clinton and Donald Yrump. I didn't care for either"
US:4718748,At birth
US:192556323,When I listened to LBJ talk
US:2320784,When I was able to vote at 18 that was 60+years ago.
US:105106783,"I became closer to the Republican Party when the Democrats became more unhinged. Although I‚Äôve never liked the Democrats, and I would never vote for them, at least they were not as toxic before. The progressives are killing our country. The progressive and the New World order are trying to kill off Large populations."
US:43061913,2015
US:163319037,The 2016 presidential election.
US:42731138,I‚Äôve always thought of myself as a democrat.
US:46554991,Before I was old enough to legally vote.
US:2455216,As a child
US:179045805,All my life
US:138730635,When I first registered to vote
US:336818,When I realized I'm liberal in my thinking
US:145637671,Always
US:106131161,1970
US:2393122,"When I realized the true international money powers that were behind WWI, the Bolsheviks, and most revolutions, and that those same people started WWII and told nothing but lies about the war ever since. They still control our media, entertainment, and politics to this day, including deep funds going to both Democrats and Republicans. It's all a sham and needs to be torn down and rebuilt, with the first step being ending the Federal Reserve and dual citizenship."
US:134180219,Maybe 10 years ago
US:31499284,that what i was
US:37598047,Not exactly sure but the shift began in 2016 when the Dems butchered Bernie (and cemented the party as belonging to oligarchs).
US:40385430,As a teen
US:43892740,In 1972+when I was in the service.
US:142393351,as a teenager
US:967127,Since I came to this country
US:22466450,i always have
US:1867554,2008
US:29200696,Never really thought about it
US:40441184,I have held conservative beliefs all my life.
US:147917421,15 years old
US:146445,age 10
US:203231,very young
US:187023013,2004
US:194343195,Junior High School
US:29910978,1980
US:4575809,1980
US:154608789,Probably the first time I voted in a state or federal election. The democratic candidate(s) were better than the republican candidates
US:29075944,"In college, 40 years ago"
US:1485026,During the Carter administration
US:2465772,1960
US:27584691,When Trump went for reelection
US:181600783,since childhood
US:2263109,When Democrats let anyone in the border. Gave illegals monet and let the people in USA suffer disasters with no help. The whole gender and woke craziness. With Trans Iin women's sports. God made man and women. Democrats went crazy as that's just the tip of the ice berg so to speaj.
US:134706547,When I moved to the US and was naturalized
US:25458620,I first thought of myself as a Democrat when I was 16 (in 2016) and hearing about the elections while being unable to vote.
US:3955022,When W Bush became president
US:169952135,All my life
US:1341357,when I was in my 20s
US:3385181,When I turned 18 years of age and registered to vote.
US:192411359,Probably when I was first registered to vote. I guess around 18 years old.
US:25969114,In my youth
US:138631459,I have always been one.
US:32533879,"Around 2017. I always voted for Democrats, but when the Republicans gained the White House, it became more important to stop what they were trying to do."
US:4171678,It's all about favors and money
US:189279421,When I went into the military
US:42794516,2016
US:768947,A long long time ago.
US:1254763,na
US:31627267,Most of my life
US:150670265,During Trump's first 100 days back in office
US:206532327,Non omnis quo ut vol
US:185028079,When I was in high school and President Reagan was in office.
US:36726064,Since 1970
US:204816343,To be free in a free country
US:115246057,Long Time ago
US:157721637,None
US:46347610,Since 2016
US:232027,Interesting
US:124190425,When Trump was president the first time.
US:1558918,When I first started to vote at 18 years old. Ronald Reagan was president and doing a great job.
US:37601036,at the age of 18
US:2165515,Many years ago
US:39402162,Always.
US:3369656,"When the Republican Party surrendered control to the Tea Party, MAGA and Trump."
US:29003494,not sure
US:187086291,Not sure
US:1999302,When I was a teenager.
US:28822265,When the Democrat party went off the rails and no longer spoke for someone like me.
US:703898,When Trump was first elected
US:682912,1970's
US:183793159,2008
US:175501855,Always
US:29881831,in high school
US:184067819,Highschool / first looking into things.
US:31237813,Not sure
US:192021355,As a child.
US:189409729,1968
US:180744341,Years ago Dad was a union member GOP hate unions
US:264246,"I used to identify as ""Democrat"" but have taken on the label of ""Independent"" since 2000. So therefore 2000."
US:24328153,When I saw what the democrats were doing to keep us involved in the vietnam war.
US:1931833,At 18
US:178161507,"When I took a look at the causes they support. For example, most of their policies go according to the word of God."
US:43164271,high school
US:45115466,"Many years ago, in my 20s. I am 64 now."
US:33635296,When I was in my early 30's
US:41908088,After Ronald Regan
US:134000315,Pledged allegiance to the USA not political parties or wannabe dictators traitors.
US:2280343,"Had voted for Bill Clinton, then he lied to Congress. But Newt Gingrich and Repubicans were no better."
US:188424457,Always have it was how I was raised.
US:106543723,2020
US:193629341,1969
US:190634637,When I was a teenager growing up gay in rural Ohio and the Republicans were trying to ban gay marriage.
US:26284748,as a kid
US:172027119,Adult
US:129537671,Since Regan
US:142486505,As a child
US:837056,Around 2018
US:3214547,2016
US:101112849,When tRump was elect
US:4576585,when Obama ran
US:159727159,Early
US:27277690,huh?
US:41284403,In the election of 1980 when I was a college student.
US:30190846,not sure
US:39581067,Do not remember
US:40459711,In my thirties
US:154924295,I was nearing 18 and getting ready to vote for the first time in my life.
US:126537219,AS A YOUNGER PERSON IN MY THIRTIES
US:28445093,"I probably started moving closer to the Democrats after ""W"" declared ""Mission Accomplished"" and even moreso after the 2008 election based on Mitch McConnell's attitude towards and treatment of President Obama (by declaring he'll sure Obama is a one term president and refusing to hold a confirmation hearing for Merritt Garland for Scallia's seat on SCOTUS). But most definitely since the Republicans turned MAGA (the Tea Partiers were bad enough) and collectively lost their minds, spines, and seemingly all of their principles in their zeal to court favor with the Orange Jesus (or is it Orange Pope now?)."
US:145923247,When I was a teenager
US:183813775,After Richard Nixon and Watergate.
US:364889,"When I changed my voter registration from Republican to Independent, I never considered myself a Dem."
US:4679109,Idk
US:182482923,High school
US:46363594,"When Obama proved he was a neoliberal thrall of the parasitic financiers and military-industrial complex, continuing essentially all of the policies of the neocon Bush II administration including war crimes."
US:143342913,In law school. 1996 on.
US:133260055,as a child growing up
US:25459987,1980 when Ronald Reagan was running for president
US:40508950,When I registered to vote.
US:31654889,Age 5 or 6
US:44942032,When the Republican party became much more conservative
US:4536199,Why would I think of myself as a MAGA idiot
US:155549479,Many years ago when I better understood what the Republican Party stood for and how it was not in my best interest to support the opposite party.
US:3256075,at 18
US:138133999,25+ years ago
US:155596553,"My entire life, basically."
US:673837,from the begining of my ability to vote
US:46348797,2012
US:134747635,When I could first decipher the coded racism Republicans were spewing on the regular. Trickle down economics is a scam and elementary school kids can see through it.
US:3779180,I came back to the Republican party when Reagan was elected in the early 80s.
US:2702713,Years ago
US:2150877,In College
US:126143329,not sure
US:139725973,In my 20's
US:143006723,"Locally, I realized I was a Democrat when I was born with the ability to care about other people. I did not blame my neighbors for the plight I was in. Nationally, I realized I was a Democrat when I saw corporate entities getting more freedom from the law and tax cuts than ordinary people. Globally, I realized I was a Democrat when I decided we should not ally with war criminals running dictatorships."
US:120056,1954
US:39929872,"25 years ago, before that Independent."
US:129041943,Ever since I was able to vote
US:140303151,"As long as I can remember, I've been a Democrat."
US:182287607,Is this the wording / punctuation you wanted? $wording_democratic_nor_republican Party? since 2000
US:120580703,I have a scientific based thought process.
US:43659999,In the 1980's
US:26933767,Mid to late 20s
US:2280799,1972
US:3189249,when i first voted and read articals
US:183059505,"Always,from the day I could vote to now"
US:142014043,In high school
US:128271913,My whole life
US:36826090,About seven years ago
US:42414487,Probably in 2008 as a kid when Obama was running.
US:975384,1984
US:133764955,I‚Äôm not closer to either. Both are lying self serving narcissists who want to take peoples rights away and spend money like drunk monkeys
US:151713159,More than 10years ago
US:45708634,When I was younger and talked about the pros and cons
US:26379928,I do not like engaging in nasty politics
US:2206969,At an early age
US:188282277,I always have. I think less of them now.
US:133487487,Soon after I graduated from college.
US:46470128,Since the election I have felt neither party is doing the right thing. Republicans are kneeling to their emperor and Democrats are do nothing's.
US:124268377,The first time I voted. For Ronald Reagan. Been a Republican ever since.
US:151472439,When Trump was first elected president
US:142972495,When I officially registered to vote as a Democrat
US:2268180,left policies
US:3082308,After graduating high school in 1973.
US:38933505,I think in high school during the Iraq War.
US:166893161,At the age of 17
US:140482051,Always
US:183807503,When I realised that the parties were not representing my opinions fully.
US:2527661,2016. Before that I was a republican.
US:206578411,I have always thought of myself as a Democrat and have been a registered member of the Democrat Party since I turned 18 and became eligible.
US:164611585,decades ago. neither party gives a shit about me or people like me.
US:714897,"In the 1980's. The Republican party in Oregon changed dramatically. Instead of conducting businesses in a sane and respectful way, the state legislature was chaos."
US:41898821,2016
US:4615008,when I was 21
US:186367445,In the 80s during Reagan's administration.
US:158943699,Always
US:182008695,"In 1972, while watching the Democratic National Convention."
US:162661351,When my beliefs lined up with Democratic candidates
US:1286446,"Several years ago, around the time of Obama's presidency."
US:41030059,As far back as I can remember.
US:28967472,30 years ago
US:3184357,As soon as I could vote.
US:120655447,"I was drawn to the Democratic party after and during the election of President Obama.I watched the republican party fight every attempt to help the American people,other than the wealthy."
US:26680661,When I was a teenager
US:26945606,As an adult
US:911080,"At 17, when I joined the Marine Corps"
US:23475501,8 years ago
US:138128115,Around the 2020 election when I started participating in get out the vote activities and started volunteering for political candidates.
US:4503682,always. I've never felt close to either party
US:4495368,As far back as I can remember
US:4560299,in 2016 when Donald trump was running
US:1631220,"Democrats are morally corrupt, willing to destroy country in order to gain power, they are garbage"
US:2182641,"Probably in my early college years, when I was first eligible to vote & began paying more attention to politics."
US:29876621,As young as 13. My parents were firm Dems and insisted I be one too
US:2029237,All my adult life
US:27222726,"Ever since I was a kid. I leaded Dem on some ways, rep on other ways. And I also felt like I was choosing the least evil."
US:4553992,about 15 years ago
US:711506,1978 - first opportunity to vote
US:109810107,1951
US:17100,as a teen
US:138763223,Probably when I was in high school
US:155362883,It was issues of Abortion and the right to protect human life
US:174063149,in my 20s
US:420555,"After Trump was sworn in for his 2nd term, and I watched in horror as Republicans said nothing as the January 6 rioters were pardoned."
US:129300843,"Like 2008/Obama election. I was in middle school, so at this point I was not voting. I was first able to vote for president in 2016 and voted Sanders then Clinton. I remember being at the Iowa Democratic caucus, and the speaker said ‚Äúoh, it‚Äôs so great that us Democrats are here together.‚Äù I actually turned to my friends and said ‚ÄúI‚Äôm not a Democrat.‚Äù By then, I recognized I was further left than the mainstream DNC."
US:107181855,just do
US:193179165,My entire life
US:3002479,During the presidential campaign of 1980.
US:192056725,2020
US:166729765,Since always
US:4400314,AFTER OBOMA SCRWED THINGS UP
US:116258825,When I donated to the Republican party to get a gavel and went to the bank to get a business loan and the banker looked at the screen to see if I had donated to Republican party when he saw I had done donated to the Republican party he gave me the business loan he didn't look at my credit he didn't look at my sex he didn't look at my color he didn't look but to see if I had been part of the Republican party. At that moment I was a strong republican and would always be cuz I will always be out of debt I will always be able to borrow I would always have credit cards I would always be able to get mortgages I would always be able to do the things that I do build homes live in nice places on property own homes by cars travel.
US:182975853,Forever
US:1622123,"Bill Clinton (if he'd kept his zipper closed he'd have had a lot more respect), good policies."
US:2498560,Early on in my voting years.
US:130395247,Idk
US:2089581,I guess the 2016 election
US:117061455,I've been a republican for as long as I can remember.
US:183059529,The first time I voted
US:4734429,30
US:32660547,I think this country is in turmoil! Trump is crazy and doesn't respect the Constitution. I have been a Democrat for 18 years. I am afraid of the damage Trump will have on democracy.
US:1206848,when I noticed that all the racists and religious bigots were Republicans
US:1437,When the dem. Got liberal
US:2449826,"Back in the 1980s. I don't like the two party system, but the Republican Part has been closer to my personal viewpoint."
US:182594201,A long time ago.
US:166448297,Probably in the early 1980's.
US:188019333,When I learned about government in high school
US:186693881,I dont know
US:191456311,Age 18
US:41236323,1985
US:34805505,The 1984 election switched me from Republican to Democrat I voted for Walter Mondale and Fiero
US:2623142,A long time ago.
US:40693044,1976. I was born again and my whole outlook changed!
US:2468946,"Years ago, probably when Obama first started betraying his campaign promises."
US:3282672,NONE
US:180579459,When Joe Biden was elected and bring in the recruitment field and people not showing up for interviews that thet only scheduled because they had to.
US:28911001,a 16
US:174075657,forever
US:3440514,When I was 10 years old
US:197237303,Years ago when I first started voting
US:42884826,"All my life since I‚Äôve been able to vote, I‚Äôve always consider myself to be a Democrat because we are four people who are down out and struggling"
US:424667,"I used to be a Republican, but the Republicans in congress have done no better than the Democrat party. They have cared more about keeping their positions than doing what they were elected to do."
US:2470378,In junior high school
US:2209282,When Hilary ran for President.
US:2179860,age 16
US:2629389,40 years ago
US:35745557,About15 years ago
US:26421389,When the Democratic Party went so far left and lost touch with the American People and gave most funds to non citizens
US:3121841,when I was little
US:185476387,Money
US:188257117,When I turned 18 and began to care about it.
US:4549119,I can't think of anytime in particular.
US:144050439,"I'm not sure when I came to that conclusion. I was sure I wanted the choice when I became pregnant in 1987, my Senior year of highschool. My son is 38 and I my have 2 wonderful granddaughters because of my choice."
US:41764227,33 years ago. I grew up under Republicans.
US:128626769,When I realized that Ronald Reagan was the best president
US:104625177,Ever since I could first vote a few years ago.
US:41670181,halfway through President Trump's first term
US:144538451,When I had children I wanted to guide and protect & to raise them to be productive humans who show empathy to others
US:40090682,ive never cared
US:2747606,when I was 18 years old and started voting
US:2724953,1965
US:104444073,In high school.
US:182734969,20 yrs.
US:2159379,9-11-2001
US:41855222,All my life.
US:196954061,Around 2026
US:4745573,rise of trump - i am and was a registered republican
US:115437009,years ago
US:2801227,Ever since I was a kid. I learned quickly that the Democrats do nothing but give away hard working people's money to undeserving scum. They also promote perverted behavior and the destruction of the basic normal family.
US:27812555,When I was around 18 years old. I was able to relate to former President Bill Clinton.
US:158427667,When I was 12
US:102359727,Elementary school- 1970 or so.
US:39849009,"My parents were Democrats, plus it wasn't hard to see how Ronnie Reagan was wrecking the middle class. Mid 90s, I switched to be Independent because I didn't like the neo-liberalism of the Democrats, but switched back to caucus for Bernie Sanders."
US:3421960,When Trump was elected
US:38366403,2016
US:3236041,Many years ago I was registered for Rebublicans.
US:192218125,18 years old
US:1257729,15 ywars ago
US:4539674,1979
US:37560831,Since the beginning of my interest in the way the government does it's job
US:792432,4 years ago
US:35981790,About 8 years ago
US:2684126,1998
US:191235587,1976
US:4159363,"Back in the 80s, when Reagan was president."
US:30082754,1987
US:39988852,At my first voting experience in 1969.
US:304189,"After I voted for Clinton and was so sorry I did, once i realized what he was really like and what he stood for"
US:43346587,While growing up in the inner city
US:493870,I think during the Bush years
US:2822031,Probably around 2012 election.
US:180730107,When I was a freshman in college.
US:172843311,When I started gaining empathy and thinking outside my own point of view
US:42929498,As a teenager.
US:42673138,i dont like politics
US:28204978,Not sure probably college or high-school age
US:2741445,ILLEGAL Aliens
US:188019525,About 5 years ago
US:1705942,2017
US:185143961,for a long time
US:385952,Growing up in a Republican household.
US:2380882,as a child
US:42675217,When the Democrats screwed us over
US:31295121,"about 10, 15 years ago. too many ideas were being forced on us. too many extremes from one side. pretty much as is happening to us now."
US:40703,"My first election. I turned 18 in 1999 and I was pretty Jesus-y, much to my liberal parents' confusion, but I voted for Bill Bradley in the primary. I went to see him speak on my college campus. In 2000 I might have voted for McCain over Gore, but Bush was a hard no--I thought he was an idiot nepo baby with terrible half-baked policy plans. I didn't agree with some of McCain's policies, either, but I believed he was a man of character. Clinton was such a shameful embarrssment. Gore is a man of character, as well, but he just didn't have the charisma or retail politicking skills. But I voted for him and after the debaucle of that election and what came during the Bush adminstration, I never wavered from identifying as a Democrat."
US:107508261,12
US:909019,1964
US:1452153,When I was a young adult
US:28152378,when i was 17 i didn't think i wasold enough
US:188739437,3 years ago
US:2032349,When I voted the first time and it was for Reagan.
US:206502013,I don't know specific time frame. Probably20 years ago
US:197168307,as a 7th grader
US:42324692,National Political parties mostly care about enriching the leaders and donors and retaining power to continue the same.
US:26426205,I just don‚Äôt think on either side they truly care about the American people. It‚Äôs all about money and power for both sides. Plus if more came from working class and did t forget where they came from‚Ä¶there might be better decisions.
US:156955369,"Sometime after the 2016 election. I always voted democrat prior but their behavior following their loss had become unhinged, condescending, irrational..."
US:140101305,As a teenager. My family were Democrats and I understood the differences by then. I knew that they represented my interests way more than another party.
US:2513055,When I first registered to vote
US:3483448,10 years ago
US:155360081,2008 I was 8
US:186261925,"Growing up, my family was democratic. I‚Äôve become financially conservative in my old age, but I still believe in the social safety net and that the wealthy should pay their fair of taxes."
US:2740024,18 years old
US:41001968,2020
US:34547265,I don't follow politics. What the little people wants always gets pushed to the end of the line.
